mode,method,sequence_id,fit_sequences,sensor_id,sensor_name,mapped_joint_id,rJS_x,rJS_y,rJS_z,rJS_norm,rJS_projected_x,rJS_projected_y,rJS_projected_z,rJS_projected_norm,rJS_was_projected,bias_x,bias_y,bias_z,bias_norm,condition_number,residual_before_fit,residual_after_fit,residual_after_projected_fit,residual_after_with_bias_fit,fit_improvement,projected_fit_improvement,with_bias_fit_improvement,num_frames,valid_frame_ratio,orientation_residual_deg
per_sequence,raw_fd,s5_freestyle1,s5_freestyle1,0,left_forearm,18,0.2137104570865631,0.06787708401679993,0.002112728776410222,0.2242407649755478,0.2137104570865631,0.06787708401679993,0.002112728776410222,0.2242407649755478,False,-0.3685072958469391,0.409500390291214,-0.9838217496871948,1.1275608539581299,1.2543456554412842,5.964944362640381,2.675529956817627,2.675529956817627,2.5511279106140137,0.5514577031135559,0.5514577031135559,0.5723131895065308,3070,1.0,8.742527961730957
per_sequence,raw_fd,s5_freestyle1,s5_freestyle1,1,right_forearm,19,-0.22147244215011597,0.061652567237615585,-0.000182372925337404,0.22989371418952942,-0.22147244215011597,0.061652567237615585,-0.000182372925337404,0.22989371418952942,False,-1.0369555950164795,-0.5065363049507141,-1.6924669742584229,2.048487424850464,1.285110592842102,7.012084007263184,3.2165331840515137,3.2165331840515137,2.6448044776916504,0.5412871241569519,0.5412871241569519,0.6228219270706177,3070,1.0,9.325545310974121
per_sequence,raw_fd,s5_freestyle1,s5_freestyle1,2,left_lower_leg,4,0.009243692271411419,-0.18688930571079254,0.03565465286374092,0.190484419465065,0.009243692271411419,-0.18688930571079254,0.03565465286374092,0.190484419465065,False,0.1138191819190979,-0.014585134573280811,-0.06842760741710663,0.13360340893268585,1.7009762525558472,4.286728382110596,2.9579880237579346,2.9579880237579346,2.9568753242492676,0.3099660575389862,0.3099660575389862,0.31022563576698303,3070,1.0,4.396911144256592
per_sequence,raw_fd,s5_freestyle1,s5_freestyle1,3,right_lower_leg,5,0.00449227262288332,-0.18366581201553345,0.04490695893764496,0.18912944197654724,0.00449227262288332,-0.18366581201553345,0.04490695893764496,0.18912944197654724,False,0.09108959138393402,-0.16403579711914062,-0.1410503387451172,0.2347344309091568,1.4953806400299072,4.420086860656738,2.9512226581573486,2.9512226581573486,2.951693296432495,0.33231568336486816,0.33231568336486816,0.33220919966697693,3070,1.0,4.610173225402832
per_sequence,raw_fd,s5_freestyle1,s5_freestyle1,4,head,15,-0.0031699729152023792,0.15640993416309357,0.012822146527469158,0.15696664154529572,-0.0031699729152023792,0.15640993416309357,0.012822146527469158,0.15696664154529572,False,0.16972006857395172,0.13413453102111816,-0.007225122302770615,0.21644671261310577,1.0743769407272339,2.4949066638946533,1.966420292854309,1.966420292854309,1.9539293050765991,0.2118261158466339,0.2118261158466339,0.21683269739151,3070,1.0,2.6240642070770264
per_sequence,raw_fd,s5_freestyle1,s5_freestyle1,5,pelvis,0,-0.004938202910125256,0.17108379304409027,-0.08715333789587021,0.19206705689430237,-0.004938202910125256,0.17108379304409027,-0.08715333789587021,0.19206705689430237,False,-0.2073463797569275,0.031457915902137756,0.11864519864320755,0.2409539520740509,1.344042420387268,2.3909895420074463,1.7463879585266113,1.7463879585266113,1.7158187627792358,0.2695961594581604,0.2695961594581604,0.2823813259601593,3070,1.0,3.3556172847747803
per_sequence,raw_fd,s5_freestyle3,s5_freestyle3,0,left_forearm,18,0.2250940352678299,0.05125537887215614,-0.007030251435935497,0.23096290230751038,0.2250940352678299,0.05125537887215614,-0.007030251435935497,0.23096290230751038,False,-0.1151396781206131,0.7242498993873596,-0.5491164922714233,0.9161462783813477,1.6169308423995972,8.82947826385498,4.050821304321289,4.050821304321289,4.002528190612793,0.541216254234314,0.541216254234314,0.5466857552528381,3559,1.0,11.89258098602295
per_sequence,raw_fd,s5_freestyle3,s5_freestyle3,1,right_forearm,19,-0.2103353589773178,0.03847820684313774,-0.0040479083545506,0.2138642519712448,-0.2103353589773178,0.03847820684313774,-0.0040479083545506,0.2138642519712448,False,-0.49227672815322876,-0.43006983399391174,-1.0599322319030762,1.2452921867370605,1.4927700757980347,9.310758590698242,4.26450252532959,4.26450252532959,4.175540447235107,0.5419812202453613,0.5419812202453613,0.551535964012146,3559,1.0,12.13373851776123
per_sequence,raw_fd,s5_freestyle3,s5_freestyle3,2,left_lower_leg,4,0.0034664960112422705,-0.17000295221805573,0.03625587373971939,0.1738606095314026,0.0034664960112422705,-0.17000295221805573,0.03625587373971939,0.1738606095314026,False,0.12976938486099243,-0.018905479460954666,-0.28239956498146057,0.311363160610199,1.5334341526031494,7.042263507843018,5.531764984130859,5.531764984130859,5.539821624755859,0.21449048817157745,0.21449048817157745,0.2133464515209198,3559,1.0,7.430036544799805
per_sequence,raw_fd,s5_freestyle3,s5_freestyle3,3,right_lower_leg,5,0.0020328667014837265,-0.1549970656633377,0.031383365392684937,0.1581554263830185,0.0020328667014837265,-0.1549970656633377,0.031383365392684937,0.1581554263830185,False,-0.07430169731378555,-0.15433438122272491,-0.44004395604133606,0.4722060263156891,1.4179497957229614,7.505311489105225,5.887852668762207,5.887852668762207,5.915613174438477,0.21550855040550232,0.21550855040550232,0.21180976927280426,3559,1.0,6.347230434417725
per_sequence,raw_fd,s5_freestyle3,s5_freestyle3,4,head,15,0.012109918519854546,0.1369045376777649,-0.011425959877669811,0.13791321218013763,0.012109918519854546,0.1369045376777649,-0.011425959877669811,0.13791321218013763,False,-0.05541125312447548,0.10619766265153885,-0.176980659365654,0.2137065827846527,1.2012739181518555,4.082858562469482,3.0916390419006348,3.0916390419006348,3.093942165374756,0.24277587234973907,0.24277587234973907,0.24221177399158478,3559,1.0,2.756824254989624
per_sequence,raw_fd,s5_freestyle3,s5_freestyle3,5,pelvis,0,-0.009758993983268738,0.08405863493680954,-0.05813330411911011,0.10266729444265366,-0.009758993983268738,0.08405863493680954,-0.05813330411911011,0.10266729444265366,False,0.004233592189848423,-0.0016646322328597307,-0.45819807052612305,0.4582206606864929,1.218133568763733,4.183156967163086,3.7478013038635254,3.7478013038635254,3.758143901824951,0.10407347232103348,0.10407347232103348,0.10160103440284729,3559,1.0,5.353342533111572
per_sequence,raw_fd,s5_rom3,s5_rom3,0,left_forearm,18,0.13714146614074707,0.04371359199285507,0.0057969302870333195,0.14405646920204163,0.13714146614074707,0.04371359199285507,0.0057969302870333195,0.14405646920204163,False,-0.07553555816411972,0.035429127514362335,-0.29519981145858765,0.3067633807659149,1.902129054069519,2.103135824203491,1.6343711614608765,1.6343711614608765,1.6314756870269775,0.22288843989372253,0.22288843989372253,0.2242651879787445,5753,1.0,5.83746862411499
per_sequence,raw_fd,s5_rom3,s5_rom3,1,right_forearm,19,-0.1731305867433548,0.020510343834757805,0.007079578470438719,0.17448493838310242,-0.1731305867433548,0.020510343834757805,0.007079578470438719,0.17448493838310242,False,-0.21354584395885468,0.07707631587982178,-0.49902087450027466,0.5482375621795654,2.035362958908081,2.0753703117370605,1.5833148956298828,1.5833148956298828,1.5315443277359009,0.23709282279014587,0.23709282279014587,0.26203805208206177,5753,1.0,6.469881057739258
per_sequence,raw_fd,s5_rom3,s5_rom3,2,left_lower_leg,4,-0.003402597038075328,-0.1788756251335144,-0.020419389009475708,0.18006949126720428,-0.003402597038075328,-0.1788756251335144,-0.020419389009475708,0.18006949126720428,False,-0.01720188558101654,0.32750460505485535,-0.41739019751548767,0.5308198928833008,2.229891061782837,1.3971935510635376,1.2531516551971436,1.2531516551971436,1.1222573518753052,0.10309372842311859,0.10309372842311859,0.19677746295928955,5753,1.0,3.4129374027252197
per_sequence,raw_fd,s5_rom3,s5_rom3,3,right_lower_leg,5,-0.03852623701095581,-0.1774037778377533,0.00032536298385821283,0.18153919279575348,-0.03852623701095581,-0.1774037778377533,0.00032536298385821283,0.18153919279575348,False,0.13623057305812836,0.04386409744620323,-0.4233306050300598,0.4468686878681183,1.920420527458191,1.4747498035430908,1.2834980487823486,1.2834980487823486,1.2065833806991577,0.1296842098236084,0.1296842098236084,0.18183858692646027,5753,1.0,3.643887996673584
per_sequence,raw_fd,s5_rom3,s5_rom3,4,head,15,-0.036154672503471375,0.07958051562309265,-0.06371814012527466,0.10816755890846252,-0.036154672503471375,0.07958051562309265,-0.06371814012527466,0.10816755890846252,False,0.0033713611774146557,0.0277087539434433,-0.11349151283502579,0.11687371134757996,1.3026306629180908,1.1761987209320068,1.0998362302780151,1.0998362302780151,1.1027902364730835,0.06492312252521515,0.06492312252521515,0.06241163611412048,5753,1.0,1.7810887098312378
per_sequence,raw_fd,s5_rom3,s5_rom3,5,pelvis,0,-0.015280292369425297,0.004952902439981699,-0.009746398776769638,0.01878858357667923,-0.015280292369425297,0.004952902439981699,-0.009746398776769638,0.01878858357667923,False,-0.32169124484062195,0.07433804124593735,-0.6145457625389099,0.6976230144500732,2.9893319606781006,1.1222143173217773,1.1191372871398926,1.1191372871398926,0.8728898763656616,0.002741927281022072,0.002741927281022072,0.2221718579530716,5753,1.0,3.940913200378418
per_sequence,raw_fd,s5_walking2,s5_walking2,0,left_forearm,18,0.1695770025253296,0.020760614424943924,-0.03673402965068817,0.17474767565727234,0.1695770025253296,0.020760614424943924,-0.03673402965068817,0.17474767565727234,False,-0.26955631375312805,0.45353204011917114,-0.3847993016242981,0.6530102491378784,2.511934995651245,5.049718379974365,3.1985578536987305,3.1985578536987305,3.125638246536255,0.3665868937969208,0.3665868937969208,0.3810272216796875,3734,1.0,4.3661651611328125
per_sequence,raw_fd,s5_walking2,s5_walking2,1,right_forearm,19,-0.15274444222450256,0.04025711119174957,0.02333259768784046,0.15967439115047455,-0.15274444222450256,0.04025711119174957,0.02333259768784046,0.15967439115047455,False,-0.4943419098854065,-0.016801876947283745,-0.1231774389743805,0.5097341537475586,2.1316823959350586,5.3104705810546875,3.2184014320373535,3.2184014320373535,3.2097785472869873,0.39395174384117126,0.39395174384117126,0.39557549357414246,3734,1.0,4.653977394104004
per_sequence,raw_fd,s5_walking2,s5_walking2,2,left_lower_leg,4,0.005504855886101723,-0.18214909732341766,0.014759724028408527,0.18282900750637054,0.005504855886101723,-0.18214909732341766,0.014759724028408527,0.18282900750637054,False,-0.06688562035560608,0.006165317725390196,-0.38359466195106506,0.38943108916282654,1.4095542430877686,6.699828147888184,4.564382553100586,4.564382553100586,4.5558905601501465,0.3187313973903656,0.3187313973903656,0.3199988901615143,3734,1.0,4.0926408767700195
per_sequence,raw_fd,s5_walking2,s5_walking2,3,right_lower_leg,5,0.012431723065674305,-0.18513906002044678,0.04091879352927208,0.19001412391662598,0.012431723065674305,-0.18513906002044678,0.04091879352927208,0.19001412391662598,False,0.23159785568714142,0.09559117257595062,-0.24577468633651733,0.35097071528434753,1.3738081455230713,6.622971057891846,4.377274513244629,4.377274513244629,4.365933418273926,0.3390769064426422,0.3390769064426422,0.3407892882823944,3734,1.0,4.3090105056762695
per_sequence,raw_fd,s5_walking2,s5_walking2,4,head,15,0.02326035499572754,0.17310859262943268,0.014475418254733086,0.17526313662528992,0.02326035499572754,0.17310859262943268,0.014475418254733086,0.17526313662528992,False,-0.008856105618178844,-0.0028599246870726347,-0.04809949919581413,0.04899154603481293,1.258066177368164,2.8456218242645264,2.4267587661743164,2.4267587661743164,2.424588203430176,0.14719562232494354,0.14719562232494354,0.14795838296413422,3734,1.0,2.0534651279449463
per_sequence,raw_fd,s5_walking2,s5_walking2,5,pelvis,0,0.014571438543498516,0.08997421711683273,-0.05252385139465332,0.10519716143608093,0.014571438543498516,0.08997421711683273,-0.05252385139465332,0.10519716143608093,False,0.0005292472196742892,0.023546425625681877,-0.017968859523534775,0.02962421625852585,1.2582168579101562,2.897697925567627,2.5891475677490234,2.5891475677490234,2.590562343597412,0.10648120194673538,0.10648120194673538,0.10599295794963837,3734,1.0,4.255682945251465
per_sequence,savgol9_p3_fd,s5_freestyle1,s5_freestyle1,0,left_forearm,18,0.23461011052131653,0.06915170699357986,-0.005918433424085379,0.24466076493263245,0.23461011052131653,0.06915170699357986,-0.005918433424085379,0.24466076493263245,False,-0.18729093670845032,0.4235067665576935,-0.9667161107063293,1.0719029903411865,1.258217215538025,5.734759330749512,2.19614839553833,2.19614839553833,2.0696027278900146,0.6170461177825928,0.6170461177825928,0.6391125321388245,3070,1.0,8.785131454467773
per_sequence,savgol9_p3_fd,s5_freestyle1,s5_freestyle1,1,right_forearm,19,-0.22360539436340332,0.07016514986753464,0.0015196256572380662,0.234360471367836,-0.22360539436340332,0.07016514986753464,0.0015196256572380662,0.234360471367836,False,-1.0213476419448853,-0.48943641781806946,-1.666041374206543,2.014545440673828,1.327862024307251,6.798142910003662,3.0337493419647217,3.0337493419647217,2.396423578262329,0.553738534450531,0.553738534450531,0.6474884748458862,3070,1.0,9.386488914489746
per_sequence,savgol9_p3_fd,s5_freestyle1,s5_freestyle1,2,left_lower_leg,4,-0.0034355060197412968,-0.18403324484825134,0.0417560338973999,0.18874216079711914,-0.0034355060197412968,-0.18403324484825134,0.0417560338973999,0.18874216079711914,False,0.12881286442279816,0.010042519308626652,-0.05943889543414116,0.14222021400928497,1.4435852766036987,4.0745158195495605,2.9302890300750732,2.9302890300750732,2.929137706756592,0.2808252274990082,0.2808252274990082,0.2811077833175659,3070,1.0,4.449760913848877
per_sequence,savgol9_p3_fd,s5_freestyle1,s5_freestyle1,3,right_lower_leg,5,0.008600248955190182,-0.17979639768600464,0.04521926864981651,0.18559496104717255,0.008600248955190182,-0.17979639768600464,0.04521926864981651,0.18559496104717255,False,0.07660606503486633,-0.15627756714820862,-0.15137135982513428,0.23066091537475586,1.4401774406433105,4.255562782287598,3.0753307342529297,3.0753307342529297,3.078716993331909,0.2773386538028717,0.2773386538028717,0.27654293179512024,3070,1.0,4.665934085845947
per_sequence,savgol9_p3_fd,s5_freestyle1,s5_freestyle1,4,head,15,-0.008487798273563385,0.16740699112415314,0.014531916007399559,0.16825076937675476,-0.008487798273563385,0.16740699112415314,0.014531916007399559,0.16825076937675476,False,0.17032533884048462,0.12747956812381744,-0.0004064193635713309,0.21274849772453308,1.0612744092941284,2.078148126602173,1.542721152305603,1.542721152305603,1.5254576206207275,0.25764620304107666,0.25764620304107666,0.2659533619880676,3070,1.0,2.6282620429992676
per_sequence,savgol9_p3_fd,s5_freestyle1,s5_freestyle1,5,pelvis,0,-0.0018367554293945432,0.19173534214496613,-0.094743512570858,0.21387413144111633,-0.0018367554293945432,0.19173534214496613,-0.094743512570858,0.21387413144111633,False,-0.21683314442634583,0.035346485674381256,0.13029398024082184,0.2554261386394501,1.5632518529891968,2.2047836780548096,1.647804856300354,1.647804856300354,1.6077722311019897,0.25262290239334106,0.25262290239334106,0.2707800567150116,3070,1.0,3.3746089935302734
per_sequence,savgol9_p3_fd,s5_freestyle3,s5_freestyle3,0,left_forearm,18,0.24138952791690826,0.0633501186966896,-0.006922081578522921,0.24965988099575043,0.24138952791690826,0.0633501186966896,-0.006922081578522921,0.24965988099575043,False,0.08829894661903381,0.636305570602417,-0.45277139544487,0.7859283685684204,1.384292483329773,8.095674514770508,3.4127426147460938,3.4127426147460938,3.3729097843170166,0.5784486532211304,0.5784486532211304,0.5833689570426941,3559,1.0,11.988639831542969
per_sequence,savgol9_p3_fd,s5_freestyle3,s5_freestyle3,1,right_forearm,19,-0.2240820974111557,0.05760284513235092,-0.006260922644287348,0.2314520925283432,-0.2240820974111557,0.05760284513235092,-0.006260922644287348,0.2314520925283432,False,-0.27575135231018066,-0.4346177875995636,-0.8597180247306824,1.0020211935043335,1.4219107627868652,8.715128898620605,3.7798521518707275,3.7798521518707275,3.685103178024292,0.5662884712219238,0.5662884712219238,0.5771601796150208,3559,1.0,12.259797096252441
per_sequence,savgol9_p3_fd,s5_freestyle3,s5_freestyle3,2,left_lower_leg,4,-0.003851544577628374,-0.1843295842409134,0.038168568164110184,0.18827922642230988,-0.003851544577628374,-0.1843295842409134,0.038168568164110184,0.18827922642230988,False,0.07480138540267944,0.0183565616607666,-0.3067099452018738,0.316232830286026,1.3732504844665527,6.638465404510498,5.2690510749816895,5.2690510749816895,5.286836624145508,0.2062847763299942,0.2062847763299942,0.20360560715198517,3559,1.0,7.511971950531006
per_sequence,savgol9_p3_fd,s5_freestyle3,s5_freestyle3,3,right_lower_leg,5,0.005975931882858276,-0.1764380931854248,0.046014390885829926,0.1824374794960022,0.005975931882858276,-0.1764380931854248,0.046014390885829926,0.1824374794960022,False,0.007045889738947153,-0.16061019897460938,-0.3898065388202667,0.4216567575931549,1.3469810485839844,7.205416202545166,5.767046928405762,5.767046928405762,5.803741455078125,0.19962334632873535,0.19962334632873535,0.19453071057796478,3559,1.0,6.457265377044678
per_sequence,savgol9_p3_fd,s5_freestyle3,s5_freestyle3,4,head,15,-0.0032924043480306864,0.2055838406085968,0.03322970122098923,0.2082781046628952,-0.0032924043480306864,0.2055838406085968,0.03322970122098923,0.2082781046628952,False,0.006544542033225298,0.07772629708051682,-0.04246439412236214,0.0888112261891365,1.20894193649292,3.138807535171509,1.9598557949066162,1.9598557949066162,1.9590421915054321,0.3756049871444702,0.3756049871444702,0.375864177942276,3559,1.0,2.778595209121704
per_sequence,savgol9_p3_fd,s5_freestyle3,s5_freestyle3,5,pelvis,0,-0.005431865807622671,0.18891839683055878,-0.11134181171655655,0.21935510635375977,-0.005431865807622671,0.18891839683055878,-0.11134181171655655,0.21935510635375977,False,-0.02655847556889057,0.022876428440213203,-0.3136659562587738,0.31561845541000366,1.4700591564178467,3.9476583003997803,3.3724443912506104,3.3724443912506104,3.38326358795166,0.14571015536785126,0.14571015536785126,0.14296948909759521,3559,1.0,5.379992485046387
per_sequence,savgol9_p3_fd,s5_rom3,s5_rom3,0,left_forearm,18,0.2348671853542328,0.06499698013067245,-0.001968388445675373,0.24370284378528595,0.2348671853542328,0.06499698013067245,-0.001968388445675373,0.24370284378528595,False,0.06687256693840027,-0.029509101063013077,-0.2504780888557434,0.2609252631664276,1.6379517316818237,1.6888848543167114,1.0726890563964844,1.0726890563964844,1.0528556108474731,0.3648536503314972,0.3648536503314972,0.37659716606140137,5753,1.0,5.841540336608887
per_sequence,savgol9_p3_fd,s5_rom3,s5_rom3,1,right_forearm,19,-0.2198411226272583,0.05335604026913643,-0.005135664250701666,0.22628159821033478,-0.2198411226272583,0.05335604026913643,-0.005135664250701666,0.22628159821033478,False,-0.1477557122707367,0.07028385251760483,-0.4404744505882263,0.46988222002983093,1.6837098598480225,1.6540578603744507,1.1345919370651245,1.1345919370651245,1.059939980506897,0.314055472612381,0.314055472612381,0.3591880798339844,5753,1.0,6.474380016326904
per_sequence,savgol9_p3_fd,s5_rom3,s5_rom3,2,left_lower_leg,4,0.013540073297917843,-0.18189232051372528,0.02014012075960636,0.1835041493177414,0.013540073297917843,-0.18189232051372528,0.02014012075960636,0.1835041493177414,False,-0.014444383792579174,0.3251405954360962,-0.4135162830352783,0.5262326002120972,1.516396403312683,0.9707844257354736,0.9081038236618042,0.9081038236618042,0.7035372257232666,0.0645669624209404,0.0645669624209404,0.27528995275497437,5753,1.0,3.4147489070892334
per_sequence,savgol9_p3_fd,s5_rom3,s5_rom3,3,right_lower_leg,5,-0.007942697033286095,-0.1778169572353363,0.04493235424160957,0.18357796967029572,-0.007942697033286095,-0.1778169572353363,0.04493235424160957,0.18357796967029572,False,0.1333446353673935,0.046904467046260834,-0.41696077585220337,0.4402693510055542,1.3753790855407715,0.9312306642532349,0.8544405102729797,0.8544405102729797,0.7189269661903381,0.08246093988418579,0.08246093988418579,0.22798186540603638,5753,1.0,3.6459195613861084
per_sequence,savgol9_p3_fd,s5_rom3,s5_rom3,4,head,15,-0.008759777061641216,0.1908414512872696,0.020276503637433052,0.1921154111623764,-0.008759777061641216,0.1908414512872696,0.020276503637433052,0.1921154111623764,False,0.026395710185170174,0.051393959671258926,-0.03036808967590332,0.06527092307806015,1.127468466758728,0.7737694382667542,0.5193260312080383,0.5193260312080383,0.5176364779472351,0.32883620262145996,0.32883620262145996,0.33101972937583923,5753,1.0,1.7822773456573486
per_sequence,savgol9_p3_fd,s5_rom3,s5_rom3,5,pelvis,0,-0.030990757048130035,0.07861040532588959,-0.05780941992998123,0.1023814007639885,-0.030990757048130035,0.07861040532588959,-0.05780941992998123,0.1023814007639885,False,-0.3233906328678131,0.08065102249383926,-0.6004644632339478,0.6867631673812866,1.348703145980835,1.0381865501403809,1.0155290365219116,1.0155290365219116,0.7161489725112915,0.021824125200510025,0.021824125200510025,0.31019240617752075,5753,1.0,3.9415597915649414
per_sequence,savgol9_p3_fd,s5_walking2,s5_walking2,0,left_forearm,18,0.2263745814561844,0.05336318165063858,-0.011763358488678932,0.2328764796257019,0.2263745814561844,0.05336318165063858,-0.011763358488678932,0.2328764796257019,False,-0.01294032484292984,0.22653065621852875,-0.18408843874931335,0.29218512773513794,1.3963700532913208,4.146716117858887,1.5853453874588013,1.5853453874588013,1.5485647916793823,0.6176865696907043,0.6176865696907043,0.6265563368797302,3734,1.0,4.403419017791748
per_sequence,savgol9_p3_fd,s5_walking2,s5_walking2,1,right_forearm,19,-0.21393927931785583,0.04418817162513733,0.004531779792159796,0.21850205957889557,-0.21393927931785583,0.04418817162513733,0.004531779792159796,0.21850205957889557,False,-0.13922709226608276,-0.1624302715063095,-0.0201821718364954,0.21488390862941742,1.4265098571777344,4.2318596839904785,1.6010386943817139,1.6010386943817139,1.5824146270751953,0.6216701865196228,0.6216701865196228,0.6260710954666138,3734,1.0,4.677547454833984
per_sequence,savgol9_p3_fd,s5_walking2,s5_walking2,2,left_lower_leg,4,-0.011587543413043022,-0.1702287346124649,0.04481048509478569,0.1764088273048401,-0.011587543413043022,-0.1702287346124649,0.04481048509478569,0.1764088273048401,False,0.09671195596456528,0.02340896986424923,-0.1788979172706604,0.20470869541168213,1.848262071609497,5.815615177154541,3.913919687271118,3.913919687271118,3.9089484214782715,0.32699817419052124,0.32699817419052124,0.3278529644012451,3734,1.0,4.138765335083008
per_sequence,savgol9_p3_fd,s5_walking2,s5_walking2,3,right_lower_leg,5,-0.004702629521489143,-0.16646824777126312,0.05420181155204773,0.17513316869735718,-0.004702629521489143,-0.16646824777126312,0.05420181155204773,0.17513316869735718,False,0.10103608667850494,0.04877934977412224,-0.18319006264209747,0.21481692790985107,1.762346863746643,5.720619201660156,4.006217002868652,4.006217002868652,4.004085063934326,0.2996882200241089,0.2996882200241089,0.300060898065567,3734,1.0,4.378486633300781
per_sequence,savgol9_p3_fd,s5_walking2,s5_walking2,4,head,15,0.009468354284763336,0.2220924347639084,0.051758479326963425,0.22824031114578247,0.009468354284763336,0.2220924347639084,0.051758479326963425,0.22824031114578247,False,0.020929154008626938,-0.02639729715883732,-0.02164614014327526,0.04004250466823578,1.1192058324813843,1.8663215637207031,1.3828790187835693,1.3828790187835693,1.382198691368103,0.2590349614620209,0.2590349614620209,0.25939950346946716,3734,1.0,2.0607573986053467
per_sequence,savgol9_p3_fd,s5_walking2,s5_walking2,5,pelvis,0,0.007383147720247507,0.1557261198759079,-0.08483419567346573,0.17748795449733734,0.007383147720247507,0.1557261198759079,-0.08483419567346573,0.17748795449733734,False,0.026740871369838715,0.032129257917404175,0.03552798554301262,0.05485983192920685,1.3684624433517456,2.674863338470459,2.360422134399414,2.360422134399414,2.355203151702881,0.11755412071943283,0.11755412071943283,0.11950524151325226,3734,1.0,4.271432399749756
per_sequence,savgol15_p3_fd,s5_freestyle1,s5_freestyle1,0,left_forearm,18,0.23658066987991333,0.07570783793926239,-0.005692710168659687,0.24846427142620087,0.23658066987991333,0.07570783793926239,-0.005692710168659687,0.24846427142620087,False,-0.19655606150627136,0.4083876609802246,-0.960344135761261,1.0619207620620728,1.3221720457077026,5.589103698730469,2.3074333667755127,2.3074333667755127,2.1996729373931885,0.5871550440788269,0.5871550440788269,0.6064354777336121,3070,1.0,8.97945785522461
per_sequence,savgol15_p3_fd,s5_freestyle1,s5_freestyle1,1,right_forearm,19,-0.22703199088573456,0.07751087099313736,0.0021446330938488245,0.23990844190120697,-0.22703199088573456,0.07751087099313736,0.0021446330938488245,0.23990844190120697,False,-1.0402752161026,-0.46691399812698364,-1.6557337045669556,2.0103816986083984,1.35541832447052,6.649889945983887,3.1405014991760254,3.1405014991760254,2.5288944244384766,0.5277363061904907,0.5277363061904907,0.6197088360786438,3070,1.0,9.655745506286621
per_sequence,savgol15_p3_fd,s5_freestyle1,s5_freestyle1,2,left_lower_leg,4,-0.003041268093511462,-0.18298767507076263,0.03285956382751465,0.1859394758939743,-0.003041268093511462,-0.18298767507076263,0.03285956382751465,0.1859394758939743,False,0.12464556097984314,0.014249870553612709,-0.10475482046604156,0.16344156861305237,1.4423140287399292,4.215725421905518,3.278416633605957,3.278416633605957,3.2813901901245117,0.2223362922668457,0.2223362922668457,0.22163094580173492,3070,1.0,4.633846282958984
per_sequence,savgol15_p3_fd,s5_freestyle1,s5_freestyle1,3,right_lower_leg,5,0.01489498745650053,-0.1723174750804901,0.036444488912820816,0.17675794661045074,0.01489498745650053,-0.1723174750804901,0.036444488912820816,0.17675794661045074,False,0.06299719959497452,-0.1352769136428833,-0.200951486825943,0.2502997815608978,1.549077033996582,4.43954610824585,3.5710654258728027,3.5710654258728027,3.577470302581787,0.1956237554550171,0.1956237554550171,0.19418106973171234,3070,1.0,4.845966339111328
per_sequence,savgol15_p3_fd,s5_freestyle1,s5_freestyle1,4,head,15,-0.007171200588345528,0.1781652569770813,0.01637321151793003,0.17905966937541962,-0.007171200588345528,0.1781652569770813,0.01637321151793003,0.17905966937541962,False,0.17142820358276367,0.13191422820091248,-0.0004277110274415463,0.21630805730819702,1.1046994924545288,1.944037914276123,1.477579116821289,1.477579116821289,1.4596070051193237,0.239943265914917,0.239943265914917,0.24918799102306366,3070,1.0,2.651552438735962
per_sequence,savgol15_p3_fd,s5_freestyle1,s5_freestyle1,5,pelvis,0,-0.0027391838375478983,0.16945786774158478,-0.08316928893327713,0.18878719210624695,-0.0027391838375478983,0.16945786774158478,-0.08316928893327713,0.18878719210624695,False,-0.21779555082321167,0.02967013232409954,0.10643801093101501,0.2442217618227005,1.7327601909637451,2.2616689205169678,1.9702692031860352,1.9702692031860352,1.9363468885421753,0.1288427859544754,0.1288427859544754,0.14384157955646515,3070,1.0,3.437495470046997
per_sequence,savgol15_p3_fd,s5_freestyle3,s5_freestyle3,0,left_forearm,18,0.2503390610218048,0.07210654020309448,-0.0060855369083583355,0.2605878412723541,0.2503390610218048,0.07210654020309448,-0.0060855369083583355,0.2605878412723541,False,0.12055020034313202,0.6272410750389099,-0.42022380232810974,0.7645598649978638,1.3796703815460205,7.854669570922852,3.653467893600464,3.653467893600464,3.621269941329956,0.5348667502403259,0.5348667502403259,0.5389659404754639,3559,1.0,12.371527671813965
per_sequence,savgol15_p3_fd,s5_freestyle3,s5_freestyle3,1,right_forearm,19,-0.23777887225151062,0.06333204358816147,-0.0022360284347087145,0.2460787296295166,-0.23777887225151062,0.06333204358816147,-0.0022360284347087145,0.2460787296295166,False,-0.21140891313552856,-0.4212666153907776,-0.8669687509536743,0.9868100881576538,1.4197896718978882,8.517196655273438,4.0827250480651855,4.0827250480651855,3.9985735416412354,0.5206491947174072,0.5206491947174072,0.5305294394493103,3559,1.0,12.691690444946289
per_sequence,savgol15_p3_fd,s5_freestyle3,s5_freestyle3,2,left_lower_leg,4,0.0012034423416480422,-0.1792866736650467,0.027688700705766678,0.18141616880893707,0.0012034423416480422,-0.1792866736650467,0.027688700705766678,0.18141616880893707,False,0.07306548953056335,0.02025708183646202,-0.4021112322807312,0.40919721126556396,1.4199506044387817,6.8335113525390625,5.796079158782959,5.796079158782959,5.8195013999938965,0.15181538462638855,0.15181538462638855,0.1483878344297409,3559,1.0,7.775139331817627
per_sequence,savgol15_p3_fd,s5_freestyle3,s5_freestyle3,3,right_lower_leg,5,0.004682846367359161,-0.16669343411922455,0.03764590993523598,0.17095568776130676,0.004682846367359161,-0.16669343411922455,0.03764590993523598,0.17095568776130676,False,-0.01712007448077202,-0.1452852338552475,-0.48418572545051575,0.5058030486106873,1.4531278610229492,7.427628040313721,6.405416965484619,6.405416965484619,6.445931434631348,0.13762281835079193,0.13762281835079193,0.132168248295784,3559,1.0,6.7527689933776855
per_sequence,savgol15_p3_fd,s5_freestyle3,s5_freestyle3,4,head,15,-0.0022362656891345978,0.2141260951757431,0.03562839701771736,0.2170814722776413,-0.0022362656891345978,0.2141260951757431,0.03562839701771736,0.2170814722776413,False,0.0003841240832116455,0.0804365798830986,-0.045573219656944275,0.0924505814909935,1.1635005474090576,2.8411834239959717,1.9624966382980347,1.9624966382980347,1.961044192314148,0.30926787853240967,0.30926787853240967,0.3097791075706482,3559,1.0,2.876148223876953
per_sequence,savgol15_p3_fd,s5_freestyle3,s5_freestyle3,5,pelvis,0,-0.008654464036226273,0.172402024269104,-0.09831161051988602,0.19865179061889648,-0.008654464036226273,0.172402024269104,-0.09831161051988602,0.19865179061889648,False,-0.022981371730566025,0.019218795001506805,-0.3543553352355957,0.35561949014663696,1.5118403434753418,3.958982229232788,3.68816876411438,3.68816876411438,3.698373794555664,0.06840481609106064,0.06840481609106064,0.0658271312713623,3559,1.0,5.461642742156982
per_sequence,savgol15_p3_fd,s5_rom3,s5_rom3,0,left_forearm,18,0.23741185665130615,0.07653141766786575,-0.0022342537995427847,0.24945227801799774,0.23741185665130615,0.07653141766786575,-0.0022342537995427847,0.24945227801799774,False,0.06939411908388138,-0.03848658874630928,-0.23991012573242188,0.2526927590370178,1.4697376489639282,1.6150654554367065,1.0561445951461792,1.0561445951461792,1.0347869396209717,0.34606701135635376,0.34606701135635376,0.3592910170555115,5753,1.0,5.860662460327148
per_sequence,savgol15_p3_fd,s5_rom3,s5_rom3,1,right_forearm,19,-0.21923308074474335,0.06137470901012421,-0.003151110140606761,0.22768382728099823,-0.21923308074474335,0.06137470901012421,-0.003151110140606761,0.22768382728099823,False,-0.15029007196426392,0.07526803761720657,-0.4327479302883148,0.4642447233200073,1.5587650537490845,1.5858726501464844,1.1113673448562622,1.1113673448562622,1.0378518104553223,0.2992076873779297,0.2992076873779297,0.34556421637535095,5753,1.0,6.495725154876709
per_sequence,savgol15_p3_fd,s5_rom3,s5_rom3,2,left_lower_leg,4,0.003295337548479438,-0.1740625500679016,0.02819041907787323,0.17636136710643768,0.003295337548479438,-0.1740625500679016,0.02819041907787323,0.17636136710643768,False,-0.012836916372179985,0.32690244913101196,-0.4138859808444977,0.527571439743042,1.4188246726989746,0.9516000747680664,0.901362955570221,0.901362955570221,0.692333996295929,0.0527922622859478,0.0527922622859478,0.27245277166366577,5753,1.0,3.4218668937683105
per_sequence,savgol15_p3_fd,s5_rom3,s5_rom3,3,right_lower_leg,5,0.024341939017176628,-0.1609336882829666,0.03936928138136864,0.16745781898498535,0.024341939017176628,-0.1609336882829666,0.03936928138136864,0.16745781898498535,False,0.1323530226945877,0.0508565753698349,-0.42124465107917786,0.44446682929992676,1.4625000953674316,0.9093060493469238,0.8578620553016663,0.8578620553016663,0.7180073261260986,0.05657500401139259,0.05657500401139259,0.21037881076335907,5753,1.0,3.652306318283081
per_sequence,savgol15_p3_fd,s5_rom3,s5_rom3,4,head,15,-0.0052192253060638905,0.20479218661785126,0.027439670637249947,0.20668821036815643,-0.0052192253060638905,0.20479218661785126,0.027439670637249947,0.20668821036815643,False,0.0276693943887949,0.053305719047784805,-0.0219325739890337,0.06393850594758987,1.1006492376327515,0.7092429995536804,0.4818074703216553,0.4818074703216553,0.47917017340660095,0.3206736445426941,0.3206736445426941,0.3243921101093292,5753,1.0,1.7863777875900269
per_sequence,savgol15_p3_fd,s5_rom3,s5_rom3,5,pelvis,0,-0.014305876567959785,0.0922795981168747,-0.06913862377405167,0.11619092524051666,-0.014305876567959785,0.0922795981168747,-0.06913862377405167,0.11619092524051666,False,-0.3232503831386566,0.07949722558259964,-0.5992193222045898,0.6854738593101501,1.3756662607192993,1.0330841541290283,1.0161443948745728,1.0161443948745728,0.7118052244186401,0.016397269442677498,0.016397269442677498,0.3109900951385498,5753,1.0,3.9444782733917236
per_sequence,savgol15_p3_fd,s5_walking2,s5_walking2,0,left_forearm,18,0.23096048831939697,0.06097632274031639,-0.004252003040164709,0.23891198635101318,0.23096048831939697,0.06097632274031639,-0.004252003040164709,0.23891198635101318,False,-0.010650796815752983,0.1743616908788681,-0.15699823200702667,0.23486992716789246,1.57620370388031,3.9565885066986084,1.4486901760101318,1.4486901760101318,1.4202865362167358,0.6338537335395813,0.6338537335395813,0.6410325765609741,3734,1.0,4.551131725311279
per_sequence,savgol15_p3_fd,s5_walking2,s5_walking2,1,right_forearm,19,-0.21970368921756744,0.05176687613129616,0.0020546833984553814,0.22572936117649078,-0.21970368921756744,0.05176687613129616,0.0020546833984553814,0.22572936117649078,False,-0.10486723482608795,-0.17442764341831207,0.0038040324579924345,0.20355984568595886,1.664701223373413,4.048367500305176,1.4950056076049805,1.4950056076049805,1.4831774234771729,0.630713939666748,0.630713939666748,0.6336356997489929,3734,1.0,4.739381313323975
per_sequence,savgol15_p3_fd,s5_walking2,s5_walking2,2,left_lower_leg,4,-0.021929899230599403,-0.1638030707836151,0.042577821761369705,0.17066118121147156,-0.021929899230599403,-0.1638030707836151,0.042577821761369705,0.17066118121147156,False,0.1480625867843628,0.06045203283429146,-0.22771844267845154,0.2782672643661499,2.180001974105835,5.790035247802734,4.242879867553711,4.242879867553711,4.241913795471191,0.2672100067138672,0.2672100067138672,0.2673768699169159,3734,1.0,4.395455360412598
per_sequence,savgol15_p3_fd,s5_walking2,s5_walking2,3,right_lower_leg,5,0.009410043247044086,-0.15793068706989288,0.04649775102734566,0.16490206122398376,0.009410043247044086,-0.15793068706989288,0.04649775102734566,0.16490206122398376,False,0.06037949025630951,0.0888124406337738,-0.26789340376853943,0.2886177599430084,2.0475735664367676,5.8313517570495605,4.46242618560791,4.46242618560791,4.466143608093262,0.23475269973278046,0.23475269973278046,0.23411521315574646,3734,1.0,4.629270076751709
per_sequence,savgol15_p3_fd,s5_walking2,s5_walking2,4,head,15,0.007541641592979431,0.21564899384975433,0.04674699530005455,0.2207864224910736,0.007541641592979431,0.21564899384975433,0.04674699530005455,0.2207864224910736,False,0.010606853291392326,-0.037271130830049515,-0.029129432514309883,0.048478513956069946,1.1079788208007812,1.6078948974609375,1.2452142238616943,1.2452142238616943,1.24261474609375,0.2255624234676361,0.2255624234676361,0.2271791249513626,3734,1.0,2.0885019302368164
per_sequence,savgol15_p3_fd,s5_walking2,s5_walking2,5,pelvis,0,0.002614331664517522,0.1435103416442871,-0.04855955392122269,0.1515258550643921,0.002614331664517522,0.1435103416442871,-0.04855955392122269,0.1515258550643921,False,0.034485507756471634,0.032710276544094086,-0.012140408158302307,0.04905712977051735,1.3978935480117798,2.742938280105591,2.609656572341919,2.609656572341919,2.610483169555664,0.048590850085020065,0.048590850085020065,0.04828949645161629,3734,1.0,4.313117980957031
global,raw_fd,GLOBAL,s5_freestyle1|s5_freestyle3|s5_rom3|s5_walking2,0,left_forearm,18,0.20043730735778809,0.040273651480674744,-0.014598926529288292,0.20496392250061035,0.20043730735778809,0.040273651480674744,-0.014598926529288292,0.20496392250061035,False,-0.20248623192310333,0.4154091477394104,-0.5734834671020508,0.7365111708641052,1.722307801246643,5.017961502075195,2.737485408782959,2.737485408782959,2.7150702476501465,0.4544626474380493,0.4544626474380493,0.4589296281337738,16116,1.0,8.791868209838867
global,raw_fd,GLOBAL,s5_freestyle1|s5_freestyle3|s5_rom3|s5_walking2,1,right_forearm,19,-0.19726711511611938,0.04011906683444977,0.012513838708400726,0.20169395208358765,-0.19726711511611938,0.04011906683444977,0.012513838708400726,0.20169395208358765,False,-0.5130465626716614,-0.14723612368106842,-0.8905128240585327,1.0382236242294312,1.5664585828781128,5.385350227355957,2.89984130859375,2.89984130859375,2.8108272552490234,0.46153151988983154,0.46153151988983154,0.47806045413017273,16116,1.0,9.609455108642578
global,raw_fd,GLOBAL,s5_freestyle1|s5_freestyle3|s5_rom3|s5_walking2,2,left_lower_leg,4,0.00482526607811451,-0.17780157923698425,0.02506791613996029,0.17962484061717987,0.00482526607811451,-0.17780157923698425,0.02506791613996029,0.17962484061717987,False,0.037173714488744736,0.08212288469076157,-0.2563771605491638,0.27176332473754883,1.5011496543884277,4.3836565017700195,3.24993896484375,3.24993896484375,3.252620220184326,0.25862371921539307,0.25862371921539307,0.258012056350708,16116,1.0,5.134835720062256
global,raw_fd,GLOBAL,s5_freestyle1|s5_freestyle3|s5_rom3|s5_walking2,3,right_lower_leg,5,0.0038290051743388176,-0.17223039269447327,0.03665992245078087,0.17613041400909424,0.0038290051743388176,-0.17223039269447327,0.03665992245078087,0.17613041400909424,False,0.0847209244966507,-0.03862645477056503,-0.2871258854866028,0.30184584856033325,1.3895641565322876,4.539230823516846,3.321624755859375,3.321624755859375,3.3288347721099854,0.2682406008243561,0.2682406008243561,0.2666522264480591,16116,1.0,5.12127685546875
global,raw_fd,GLOBAL,s5_freestyle1|s5_freestyle3|s5_rom3|s5_walking2,4,head,15,0.006441367324441671,0.1400996744632721,-0.006739575881510973,0.14040951430797577,0.006441367324441671,0.1400996744632721,-0.006739575881510973,0.14040951430797577,False,-0.004193905740976334,0.08142942935228348,-0.11307679861783981,0.1394084095954895,1.0993373394012451,2.473301410675049,1.9891061782836914,1.9891061782836914,1.9842395782470703,0.1957687884569168,0.1957687884569168,0.1977364420890808,16116,1.0,2.6737747192382812
global,raw_fd,GLOBAL,s5_freestyle1|s5_freestyle3|s5_rom3|s5_walking2,5,pelvis,0,0.002771830651909113,0.07318300753831863,-0.05131063982844353,0.08942157030105591,0.002771830651909113,0.07318300753831863,-0.05131063982844353,0.08942157030105591,False,-0.12777554988861084,0.013607199303805828,-0.2444176822900772,0.27613720297813416,1.2315243482589722,2.369152307510376,2.1273341178894043,2.1273341178894043,2.127441883087158,0.10206949710845947,0.10206949710845947,0.10202401131391525,16116,1.0,7.382559299468994
global,savgol9_p3_fd,GLOBAL,s5_freestyle1|s5_freestyle3|s5_rom3|s5_walking2,0,left_forearm,18,0.23763172328472137,0.062463704496622086,-0.0057568419724702835,0.2457716166973114,0.23763172328472137,0.062463704496622086,-0.0057568419724702835,0.2457716166973114,False,0.008335328660905361,0.2559630572795868,-0.4762316346168518,0.5407246351242065,1.328887701034546,4.453686237335205,1.9415558576583862,1.9415558576583862,1.9227579832077026,0.564056396484375,0.564056396484375,0.5682771801948547,16116,1.0,8.827537536621094
global,savgol9_p3_fd,GLOBAL,s5_freestyle1|s5_freestyle3|s5_rom3|s5_walking2,1,right_forearm,19,-0.2222803682088852,0.058192718774080276,0.002206451492384076,0.2297821193933487,-0.2222803682088852,0.058192718774080276,0.002206451492384076,0.2297821193933487,False,-0.3298308849334717,-0.20850123465061188,-0.7969331741333008,0.8873351216316223,1.3406798839569092,4.821349620819092,2.218663215637207,2.218663215637207,2.111456871032715,0.5398252606391907,0.5398252606391907,0.5620610117912292,16116,1.0,9.6504545211792
global,savgol9_p3_fd,GLOBAL,s5_freestyle1|s5_freestyle3|s5_rom3|s5_walking2,2,left_lower_leg,4,-0.0056861708872020245,-0.1764812022447586,0.04118356853723526,0.1813119798898697,-0.0056861708872020245,-0.1764812022447586,0.04118356853723526,0.1813119798898697,False,0.05974502116441727,0.09646426886320114,-0.21429172158241272,0.2424783855676651,1.4517302513122559,3.869080066680908,2.8914806842803955,2.8914806842803955,2.899446725845337,0.25266972184181213,0.25266972184181213,0.2506108283996582,16116,1.0,5.176048278808594
global,savgol9_p3_fd,GLOBAL,s5_freestyle1|s5_freestyle3|s5_rom3|s5_walking2,3,right_lower_leg,5,0.00277785980142653,-0.1718294322490692,0.049166034907102585,0.17874665558338165,0.00277785980142653,-0.1718294322490692,0.049166034907102585,0.17874665558338165,False,0.07498428225517273,-0.050299230962991714,-0.25987184047698975,0.2751109302043915,1.466201663017273,4.01320743560791,3.050215721130371,3.050215721130371,3.0762572288513184,0.23995563387870789,0.23995563387870789,0.23346668481826782,16116,1.0,5.169210910797119
global,savgol9_p3_fd,GLOBAL,s5_freestyle1|s5_freestyle3|s5_rom3|s5_walking2,4,head,15,-0.004447093699127436,0.1984858363866806,0.02992522530257702,0.2007782906293869,-0.004447093699127436,0.1984858363866806,0.02992522530257702,0.2007782906293869,False,0.020589355379343033,0.07054486125707626,-0.058107394725084305,0.09368547797203064,1.132436752319336,1.8251503705978394,1.2707632780075073,1.2707632780075073,1.266084909439087,0.3037487268447876,0.3037487268447876,0.3063119947910309,16116,1.0,2.682905435562134
global,savgol9_p3_fd,GLOBAL,s5_freestyle1|s5_freestyle3|s5_rom3|s5_walking2,5,pelvis,0,0.002813873114064336,0.17182019352912903,-0.09958211332559586,0.19861191511154175,0.002813873114064336,0.17182019352912903,-0.09958211332559586,0.19861191511154175,False,-0.12994222342967987,0.026725171133875847,-0.1761636883020401,0.22052858769893646,1.4175630807876587,2.184650182723999,1.8658761978149414,1.8658761978149414,1.8612825870513916,0.14591534435749054,0.14591534435749054,0.148018017411232,16116,1.0,7.39180850982666
global,savgol15_p3_fd,GLOBAL,s5_freestyle1|s5_freestyle3|s5_rom3|s5_walking2,0,left_forearm,18,0.24352911114692688,0.07085559517145157,-0.0045846207067370415,0.25366899371147156,0.24352911114692688,0.07085559517145157,-0.0045846207067370415,0.25366899371147156,False,0.017661361023783684,0.23796507716178894,-0.4605376720428467,0.5186851024627686,1.349813461303711,4.3023481369018555,1.9809010028839111,1.9809010028839111,1.9693673849105835,0.5395767688751221,0.5395767688751221,0.54225754737854,16116,1.0,8.978711128234863
global,savgol15_p3_fd,GLOBAL,s5_freestyle1|s5_freestyle3|s5_rom3|s5_walking2,1,right_forearm,19,-0.23165710270404816,0.06507128477096558,0.005533216521143913,0.2406863123178482,-0.23165710270404816,0.06507128477096558,0.005533216521143913,0.2406863123178482,False,-0.3045605421066284,-0.192910298705101,-0.786869466304779,0.8655259013175964,1.3673168420791626,4.681357383728027,2.2790403366088867,2.2790403366088867,2.1780755519866943,0.5131667852401733,0.5131667852401733,0.5347341895103455,16116,1.0,9.812152862548828
global,savgol15_p3_fd,GLOBAL,s5_freestyle1|s5_freestyle3|s5_rom3|s5_walking2,2,left_lower_leg,4,-0.006500347517430782,-0.17050090432167053,0.03482358530163765,0.17414216697216034,-0.006500347517430782,-0.17050090432167053,0.03482358530163765,0.17414216697216034,False,0.07107619196176529,0.10699129104614258,-0.2565164566040039,0.28687918186187744,1.6506808996200562,3.9240341186523438,3.1450774669647217,3.1450774669647217,3.162537097930908,0.19850914180278778,0.19850914180278778,0.19405972957611084,16116,1.0,5.323496341705322
global,savgol15_p3_fd,GLOBAL,s5_freestyle1|s5_freestyle3|s5_rom3|s5_walking2,3,right_lower_leg,5,0.007952624931931496,-0.16255180537700653,0.04128015413880348,0.16789992153644562,0.007952624931931496,-0.16255180537700653,0.04128015413880348,0.16789992153644562,False,0.057273365557193756,-0.032514188438653946,-0.3104488253593445,0.3173576593399048,1.63380765914917,4.110082149505615,3.3898112773895264,3.3898112773895264,3.42901611328125,0.17524488270282745,0.17524488270282745,0.16570618748664856,16116,1.0,5.3254547119140625
global,savgol15_p3_fd,GLOBAL,s5_freestyle1|s5_freestyle3|s5_rom3|s5_walking2,4,head,15,-0.003621030366048217,0.2056424766778946,0.031015845015645027,0.2079998105764389,-0.003621030366048217,0.2056424766778946,0.031015845015645027,0.2079998105764389,False,0.017515160143375397,0.07003511488437653,-0.05935529246926308,0.09345987439155579,1.095824956893921,1.6534647941589355,1.2122641801834106,1.2122641801834106,1.2057161331176758,0.26683399081230164,0.26683399081230164,0.27079418301582336,16116,1.0,2.7146224975585938
global,savgol15_p3_fd,GLOBAL,s5_freestyle1|s5_freestyle3|s5_rom3|s5_walking2,5,pelvis,0,-0.00019785173935815692,0.15872757136821747,-0.08211924135684967,0.17871220409870148,-0.00019785173935815692,0.15872757136821747,-0.08211924135684967,0.17871220409870148,False,-0.1259930431842804,0.024818098172545433,-0.19850750267505646,0.2364221066236496,1.4823945760726929,2.2114899158477783,2.053536891937256,2.053536891937256,2.0520107746124268,0.07142380625009537,0.07142380625009537,0.07211389392614365,16116,1.0,7.422043323516846
leave_one_sequence_out,raw_fd,s5_freestyle1,s5_freestyle3|s5_rom3|s5_walking2,0,left_forearm,18,0.19912829995155334,0.036960627883672714,-0.016952428966760635,0.20323766767978668,0.19912829995155334,0.036960627883672714,-0.016952428966760635,0.20323766767978668,False,-0.14191700518131256,0.3787769079208374,-0.43315422534942627,0.592650830745697,1.847629427909851,4.797314643859863,2.753469944000244,2.753469944000244,2.7498602867126465,0.42603933811187744,0.42603933811187744,0.4267917573451996,13046,1.0,8.65662670135498
leave_one_sequence_out,raw_fd,s5_freestyle1,s5_freestyle3|s5_rom3|s5_walking2,1,right_forearm,19,-0.19067586958408356,0.037379972636699677,0.014986994676291943,0.19488242268562317,-0.19067586958408356,0.037379972636699677,0.014986994676291943,0.19488242268562317,False,-0.37824147939682007,-0.05905993655323982,-0.5792285799980164,0.6943057179450989,1.6434605121612549,5.019973278045654,2.8580596446990967,2.8580596446990967,2.8606951236724854,0.4306623935699463,0.4306623935699463,0.43013736605644226,13046,1.0,8.61636734008789
leave_one_sequence_out,raw_fd,s5_freestyle1,s5_freestyle3|s5_rom3|s5_walking2,2,left_lower_leg,4,0.004031849559396505,-0.17623969912528992,0.022972293198108673,0.1777763068675995,0.004031849559396505,-0.17623969912528992,0.022972293198108673,0.1777763068675995,False,0.013939041644334793,0.11643706262111664,-0.315790057182312,0.33686086535453796,1.4707326889038086,4.409051895141602,3.3233423233032227,3.3233423233032227,3.3229968547821045,0.2462455928325653,0.2462455928325653,0.24632394313812256,13046,1.0,5.230105400085449
leave_one_sequence_out,raw_fd,s5_freestyle1,s5_freestyle3|s5_rom3|s5_walking2,3,right_lower_leg,5,0.0040285829454660416,-0.17001581192016602,0.035022009164094925,0.17363221943378448,0.0040285829454660416,-0.17001581192016602,0.035022009164094925,0.17363221943378448,False,0.088823601603508,-0.004144920967519283,-0.3328803777694702,0.34455209970474243,1.3756370544433594,4.569760322570801,3.412900686264038,3.412900686264038,3.418455123901367,0.2531554400920868,0.2531554400920868,0.25193995237350464,13046,1.0,5.176890850067139
leave_one_sequence_out,raw_fd,s5_freestyle1,s5_freestyle3|s5_rom3|s5_walking2,4,head,15,0.008965793997049332,0.13695871829986572,-0.010998648591339588,0.13769185543060303,0.008965793997049332,0.13695871829986572,-0.010998648591339588,0.13769185543060303,False,-0.03631804510951042,0.05590655654668808,-0.12975060939788818,0.14587585628032684,1.1199339628219604,2.45994234085083,1.9934046268463135,1.9934046268463135,1.9869191646575928,0.1896539181470871,0.1896539181470871,0.19229035079479218,13046,1.0,2.5518088340759277
leave_one_sequence_out,raw_fd,s5_freestyle1,s5_freestyle3|s5_rom3|s5_walking2,5,pelvis,0,0.0032540836837142706,0.06288408488035202,-0.04609347879886627,0.07803592830896378,0.0032540836837142706,0.06288408488035202,-0.04609347879886627,0.07803592830896378,False,-0.1043178141117096,0.0159341711550951,-0.34382113814353943,0.3596513271331787,1.2717475891113281,2.374236583709717,2.194260597229004,2.194260597229004,2.189767837524414,0.0758037269115448,0.0758037269115448,0.07769602537155151,13046,1.0,7.849978923797607
leave_one_sequence_out,raw_fd,s5_freestyle3,s5_freestyle1|s5_rom3|s5_walking2,0,left_forearm,18,0.17396315932273865,0.032292284071445465,-0.021995151415467262,0.17829681932926178,0.17396315932273865,0.032292284071445465,-0.021995151415467262,0.17829681932926178,False,-0.259739488363266,0.2854902744293213,-0.5614500045776367,0.6813188791275024,1.8310691118240356,3.9228579998016357,2.390867233276367,2.390867233276367,2.3649942874908447,0.39052924513816833,0.39052924513816833,0.39712467789649963,12557,1.0,7.711429595947266
leave_one_sequence_out,raw_fd,s5_freestyle3,s5_freestyle1|s5_rom3|s5_walking2,1,right_forearm,19,-0.18573597073554993,0.040472645312547684,0.01735098659992218,0.19088463485240936,-0.18573597073554993,0.040472645312547684,0.01735098659992218,0.19088463485240936,False,-0.527046799659729,-0.03438499942421913,-0.8170106410980225,0.9728654026985168,1.756135106086731,4.241700649261475,2.461723566055298,2.461723566055298,2.322038412094116,0.4196375906467438,0.4196375906467438,0.45256900787353516,12557,1.0,8.40267276763916
leave_one_sequence_out,raw_fd,s5_freestyle3,s5_freestyle1|s5_rom3|s5_walking2,2,left_lower_leg,4,0.005764364264905453,-0.18246681988239288,0.0186568945646286,0.1835087090730667,0.005764364264905453,-0.18246681988239288,0.0186568945646286,0.1835087090730667,False,0.0035758421290665865,0.1051144003868103,-0.26760581135749817,0.28753209114074707,1.4853142499923706,3.63077449798584,2.6127257347106934,2.6127257347106934,2.608121395111084,0.28039437532424927,0.28039437532424927,0.2816625237464905,12557,1.0,4.3830389976501465
leave_one_sequence_out,raw_fd,s5_freestyle3,s5_freestyle1|s5_rom3|s5_walking2,3,right_lower_leg,5,0.006203779019415379,-0.18462036550045013,0.03996831923723221,0.18899904191493988,0.006203779019415379,-0.18462036550045013,0.03996831923723221,0.18899904191493988,False,0.14372029900550842,-0.0022584102116525173,-0.25580254197120667,0.2934204638004303,1.3723224401474,3.700782537460327,2.6049325466156006,2.6049325466156006,2.596684694290161,0.2961130440235138,0.2961130440235138,0.2983417212963104,12557,1.0,4.432212829589844
leave_one_sequence_out,raw_fd,s5_freestyle3,s5_freestyle1|s5_rom3|s5_walking2,4,head,15,0.0023167363833636045,0.14486205577850342,-0.0021802992559969425,0.1448969841003418,0.0023167363833636045,0.14486205577850342,-0.0021802992559969425,0.1448969841003418,False,0.012861466035246849,0.07106335461139679,-0.09141435474157333,0.1164989322423935,1.129164695739746,2.015091896057129,1.6767019033432007,1.6767019033432007,1.6728860139846802,0.1679278165102005,0.1679278165102005,0.16982147097587585,12557,1.0,2.596975803375244
leave_one_sequence_out,raw_fd,s5_freestyle3,s5_freestyle1|s5_rom3|s5_walking2,5,pelvis,0,0.00714945187792182,0.06577187031507492,-0.04566657915711403,0.0803896114230156,0.00714945187792182,0.06577187031507492,-0.04566657915711403,0.0803896114230156,False,-0.18536797165870667,0.01747579127550125,-0.18478712439537048,0.26232224702835083,1.2426998615264893,1.866907000541687,1.681396484375,1.681396484375,1.669323205947876,0.09936784207820892,0.09936784207820892,0.10583483427762985,12557,1.0,6.768402099609375
leave_one_sequence_out,raw_fd,s5_rom3,s5_freestyle1|s5_freestyle3|s5_walking2,0,left_forearm,18,0.20529720187187195,0.03991240635514259,-0.01622997410595417,0.20976975560188293,0.20529720187187195,0.03991240635514259,-0.01622997410595417,0.20976975560188293,False,-0.2812873125076294,0.6306405663490295,-0.725959837436676,1.0019220113754272,1.7301006317138672,6.654116630554199,3.3934431076049805,3.3934431076049805,3.328413724899292,0.49002349376678467,0.49002349376678467,0.4997963011264801,10363,1.0,9.734949111938477
leave_one_sequence_out,raw_fd,s5_rom3,s5_freestyle1|s5_freestyle3|s5_walking2,1,right_forearm,19,-0.19779637455940247,0.041338786482810974,0.013112165965139866,0.2024950087070465,-0.19779637455940247,0.041338786482810974,0.013112165965139866,0.2024950087070465,False,-0.6784418821334839,-0.257490336894989,-1.108618140220642,1.3249976634979248,1.5526959896087646,7.2108235359191895,3.6240286827087402,3.6240286827087402,3.5030999183654785,0.49741819500923157,0.49741819500923157,0.5141886472702026,10363,1.0,11.20907211303711
leave_one_sequence_out,raw_fd,s5_rom3,s5_freestyle1|s5_freestyle3|s5_walking2,2,left_lower_leg,4,0.00522025628015399,-0.17854979634284973,0.026281265541911125,0.18054911494255066,0.00522025628015399,-0.17854979634284973,0.026281265541911125,0.18054911494255066,False,0.06353165954351425,-0.004185947589576244,-0.2422170341014862,0.2504453659057617,1.4888901710510254,6.103540420532227,4.397568702697754,4.397568702697754,4.40103816986084,0.27950528264045715,0.27950528264045715,0.27893683314323425,10363,1.0,5.361225605010986
leave_one_sequence_out,raw_fd,s5_rom3,s5_freestyle1|s5_freestyle3|s5_walking2,3,right_lower_leg,5,0.0056376466527581215,-0.17266112565994263,0.03766912594437599,0.17681236565113068,0.0056376466527581215,-0.17266112565994263,0.03766912594437599,0.17681236565113068,False,0.06667722016572952,-0.07151268422603607,-0.2871006429195404,0.3032930791378021,1.379510521888733,6.279426097869873,4.466464042663574,4.466464042663574,4.4732279777526855,0.28871461749076843,0.28871461749076843,0.2876374423503876,10363,1.0,5.470360279083252
leave_one_sequence_out,raw_fd,s5_rom3,s5_freestyle1|s5_freestyle3|s5_walking2,4,head,15,0.010890977457165718,0.14641591906547546,-0.00036904585431329906,0.14682087302207947,0.010890977457165718,0.14641591906547546,-0.00036904585431329906,0.14682087302207947,False,0.026162320747971535,0.08783081918954849,-0.08568224310874939,0.12545982003211975,1.0847300291061401,3.167698860168457,2.506021738052368,2.506021738052368,2.5056779384613037,0.20888258516788483,0.20888258516788483,0.20899111032485962,10363,1.0,2.6444106101989746
leave_one_sequence_out,raw_fd,s5_rom3,s5_freestyle1|s5_freestyle3|s5_walking2,5,pelvis,0,0.0033408538438379765,0.09668850898742676,-0.06130671873688698,0.11453533172607422,0.0033408538438379765,0.09668850898742676,-0.06130671873688698,0.11453533172607422,False,-0.07212500274181366,0.015347238630056381,-0.12930895388126373,0.14885683357715607,1.2386494874954224,3.1767985820770264,2.7464394569396973,2.7464394569396973,2.7542431354522705,0.1354694366455078,0.1354694366455078,0.13301298022270203,10363,1.0,8.324164390563965
leave_one_sequence_out,raw_fd,s5_walking2,s5_freestyle1|s5_freestyle3|s5_rom3,0,left_forearm,18,0.21483193337917328,0.05377895385026932,-0.0028022597543895245,0.2214786410331726,0.21483193337917328,0.05377895385026932,-0.0028022597543895245,0.2214786410331726,False,-0.13845139741897583,0.36845093965530396,-0.5768016576766968,0.6983015537261963,1.522925615310669,4.991447925567627,2.5796267986297607,2.5796267986297607,2.5506956577301025,0.4831906855106354,0.4831906855106354,0.4889868199825287,12382,1.0,8.828712463378906
leave_one_sequence_out,raw_fd,s5_walking2,s5_freestyle1|s5_freestyle3|s5_rom3,1,right_forearm,19,-0.21192215383052826,0.04255479574203491,-4.671014903578907e-05,0.21615253388881683,-0.21192215383052826,0.04255479574203491,-4.671014903578907e-05,0.21615253388881683,False,-0.49323245882987976,-0.2874510884284973,-1.0464372634887695,1.1920307874679565,1.430806040763855,5.411074161529541,2.7856502532958984,2.7856502532958984,2.639129638671875,0.485194593667984,0.485194593667984,0.5122724771499634,12382,1.0,10.197477340698242
leave_one_sequence_out,raw_fd,s5_walking2,s5_freestyle1|s5_freestyle3|s5_rom3,2,left_lower_leg,4,0.004432820715010166,-0.17314885556697845,0.03327583521604538,0.17637306451797485,0.004432820715010166,-0.17314885556697845,0.03327583521604538,0.17637306451797485,False,0.06889847666025162,0.10759259760379791,-0.22114485502243042,0.255398154258728,1.600250482559204,3.6912689208984375,2.8819000720977783,2.8819000720977783,2.880236864089966,0.21926574409008026,0.21926574409008026,0.21971632540225983,12382,1.0,5.389660358428955
leave_one_sequence_out,raw_fd,s5_walking2,s5_freestyle1|s5_freestyle3|s5_rom3,3,right_lower_leg,5,-0.0010883043287321925,-0.16176356375217438,0.03379189968109131,0.1652589738368988,-0.0010883043287321925,-0.16176356375217438,0.03379189968109131,0.1652589738368988,False,0.046375446021556854,-0.08142711967229843,-0.2900601625442505,0.3048211932182312,1.4509034156799316,3.9070582389831543,3.007929801940918,3.007929801940918,3.023191452026367,0.23012925684452057,0.23012925684452057,0.22622309625148773,12382,1.0,5.248498916625977
leave_one_sequence_out,raw_fd,s5_walking2,s5_freestyle1|s5_freestyle3|s5_rom3,4,head,15,0.0016719014383852482,0.13419926166534424,-0.012541014701128006,0.13479433953762054,0.0016719014383852482,0.13419926166534424,-0.012541014701128006,0.13479433953762054,False,-0.001896197791211307,0.10485564172267914,-0.12732146680355072,0.16495168209075928,1.1542937755584717,2.360189437866211,1.8631792068481445,1.8631792068481445,1.8560928106307983,0.21058064699172974,0.21058064699172974,0.21358312666416168,12382,1.0,2.6994338035583496
leave_one_sequence_out,raw_fd,s5_walking2,s5_freestyle1|s5_freestyle3|s5_rom3,5,pelvis,0,-0.004072943702340126,0.06848597526550293,-0.05073503032326698,0.08532854914665222,-0.004072943702340126,0.06848597526550293,-0.05073503032326698,0.08532854914665222,False,-0.1511717438697815,0.015079026110470295,-0.32304927706718445,0.35698893666267395,1.3199836015701294,2.2214267253875732,2.005542516708374,2.005542516708374,1.988542914390564,0.09718268364667892,0.09718268364667892,0.10483524203300476,12382,1.0,5.980328559875488
leave_one_sequence_out,savgol9_p3_fd,s5_freestyle1,s5_freestyle3|s5_rom3|s5_walking2,0,left_forearm,18,0.23869915306568146,0.06062820926308632,-0.005859340541064739,0.24634812772274017,0.23869915306568146,0.06062820926308632,-0.005859340541064739,0.24634812772274017,False,0.06175043806433678,0.20885035395622253,-0.32845181226730347,0.3940966725349426,1.3682103157043457,4.151998996734619,1.8913518190383911,1.8913518190383911,1.888546109199524,0.5444720387458801,0.5444720387458801,0.5451477766036987,13046,1.0,8.691807746887207
leave_one_sequence_out,savgol9_p3_fd,s5_freestyle1,s5_freestyle3|s5_rom3|s5_walking2,1,right_forearm,19,-0.2227638065814972,0.05367262288928032,0.0026486560236662626,0.2291538268327713,-0.2227638065814972,0.05367262288928032,0.0026486560236662626,0.2291538268327713,False,-0.16842108964920044,-0.12342552095651627,-0.47316470742225647,0.5171889066696167,1.383280873298645,4.356632232666016,2.0514023303985596,2.0514023303985596,2.0595147609710693,0.5291311740875244,0.5291311740875244,0.5272690653800964,13046,1.0,8.657074928283691
leave_one_sequence_out,savgol9_p3_fd,s5_freestyle1,s5_freestyle3|s5_rom3|s5_walking2,2,left_lower_leg,4,-0.006128122564405203,-0.1750679314136505,0.04111628606915474,0.1799357682466507,-0.006128122564405203,-0.1750679314136505,0.04111628606915474,0.1799357682466507,False,0.03861630707979202,0.1282486617565155,-0.26675719022750854,0.2984934449195862,1.5000028610229492,3.8262932300567627,2.8893797397613525,2.8893797397613525,2.894246816635132,0.2448619157075882,0.2448619157075882,0.24358990788459778,13046,1.0,5.269287109375
leave_one_sequence_out,savgol9_p3_fd,s5_freestyle1,s5_freestyle3|s5_rom3|s5_walking2,3,right_lower_leg,5,0.0012168659595772624,-0.1702083945274353,0.05024988204240799,0.17747515439987183,0.0012168659595772624,-0.1702083945274353,0.05024988204240799,0.17747515439987183,False,0.07965975254774094,-0.019880035892128944,-0.2982223927974701,0.30931776762008667,1.4912381172180176,3.9590044021606445,3.044959783554077,3.044959783554077,3.0723390579223633,0.23087739944458008,0.23087739944458008,0.2239616960287094,13046,1.0,5.221968650817871
leave_one_sequence_out,savgol9_p3_fd,s5_freestyle1,s5_freestyle3|s5_rom3|s5_walking2,4,head,15,-0.0029594148509204388,0.20717868208885193,0.03459160774946213,0.210067480802536,-0.0029594148509204388,0.20717868208885193,0.03459160774946213,0.210067480802536,False,-0.005385298747569323,0.0447663813829422,-0.06002095341682434,0.07507026940584183,1.175522804260254,1.7531770467758179,1.182921290397644,1.182921290397644,1.176637053489685,0.3252699077129364,0.3252699077129364,0.32885441184043884,13046,1.0,2.560336112976074
leave_one_sequence_out,savgol9_p3_fd,s5_freestyle1,s5_freestyle3|s5_rom3|s5_walking2,5,pelvis,0,0.00341227394528687,0.16734378039836884,-0.10086554288864136,0.19542118906974792,0.00341227394528687,0.16734378039836884,-0.10086554288864136,0.19542118906974792,False,-0.10421504080295563,0.028367234393954277,-0.2700594365596771,0.29085662961006165,1.3888318538665771,2.192955255508423,1.9287998676300049,1.9287998676300049,1.9217413663864136,0.12045635282993317,0.12045635282993317,0.12367507070302963,13046,1.0,7.857537269592285
leave_one_sequence_out,savgol9_p3_fd,s5_freestyle3,s5_freestyle1|s5_rom3|s5_walking2,0,left_forearm,18,0.23156867921352386,0.06027562543749809,-0.007362078409641981,0.23939800262451172,0.23156867921352386,0.06027562543749809,-0.007362078409641981,0.23939800262451172,False,-0.036099717020988464,0.12123622000217438,-0.46145445108413696,0.47847843170166016,1.2769547700881958,3.409351110458374,1.4857213497161865,1.4857213497161865,1.4551653861999512,0.5642216801643372,0.5642216801643372,0.573184072971344,12557,1.0,7.731794357299805
leave_one_sequence_out,savgol9_p3_fd,s5_freestyle3,s5_freestyle1|s5_rom3|s5_walking2,1,right_forearm,19,-0.22054918110370636,0.054280225187540054,0.0016917871544137597,0.22713685035705566,-0.22054918110370636,0.054280225187540054,0.0016917871544137597,0.22713685035705566,False,-0.35516437888145447,-0.10812883824110031,-0.7695087790489197,0.854387104511261,1.3047376871109009,3.6964516639709473,1.731767177581787,1.731767177581787,1.5373257398605347,0.5315055251121521,0.5315055251121521,0.5841076970100403,12557,1.0,8.422592163085938
leave_one_sequence_out,savgol9_p3_fd,s5_freestyle3,s5_freestyle1|s5_rom3|s5_walking2,2,left_lower_leg,4,-0.0071892221458256245,-0.1729743480682373,0.043112561106681824,0.17841105163097382,-0.0071892221458256245,-0.1729743480682373,0.043112561106681824,0.17841105163097382,False,0.054493248462677,0.1138099804520607,-0.2023746818304062,0.2384905368089676,1.5825320482254028,3.0835578441619873,2.2147693634033203,2.2147693634033203,2.209277868270874,0.2817487120628357,0.2817487120628357,0.2835296094417572,12557,1.0,4.413528919219971
leave_one_sequence_out,savgol9_p3_fd,s5_freestyle3,s5_freestyle1|s5_rom3|s5_walking2,3,right_lower_leg,5,0.0014079303946346045,-0.16995999217033386,0.0510561466217041,0.17746862769126892,0.0014079303946346045,-0.16995999217033386,0.0510561466217041,0.17746862769126892,False,0.09777030348777771,-0.012608014047145844,-0.2360157072544098,0.2557761073112488,1.5769456624984741,3.1153509616851807,2.2852132320404053,2.2852132320404053,2.2831437587738037,0.26646682620048523,0.26646682620048523,0.26713111996650696,12557,1.0,4.466640472412109
leave_one_sequence_out,savgol9_p3_fd,s5_freestyle3,s5_freestyle1|s5_rom3|s5_walking2,4,head,15,-0.004628975875675678,0.18809865415096283,0.025892771780490875,0.18992885947227478,-0.004628975875675678,0.18809865415096283,0.025892771780490875,0.18992885947227478,False,0.025844311341643333,0.06460433453321457,-0.06281602382659912,0.09374167770147324,1.059324860572815,1.449550986289978,1.0689890384674072,1.0689890384674072,1.0650485754013062,0.26253780722618103,0.26253780722618103,0.26525622606277466,12557,1.0,2.6021716594696045
leave_one_sequence_out,savgol9_p3_fd,s5_freestyle3,s5_freestyle1|s5_rom3|s5_walking2,5,pelvis,0,0.002907869406044483,0.15973640978336334,-0.08846732974052429,0.18262159824371338,0.002907869406044483,0.15973640978336334,-0.08846732974052429,0.18262159824371338,False,-0.1821889877319336,0.027661724016070366,-0.14034335315227509,0.23163388669490814,1.389665961265564,1.700239896774292,1.4511077404022217,1.4511077404022217,1.4304596185684204,0.14652764797210693,0.14652764797210693,0.15867188572883606,12557,1.0,6.774937629699707
leave_one_sequence_out,savgol9_p3_fd,s5_rom3,s5_freestyle1|s5_freestyle3|s5_walking2,0,left_forearm,18,0.23773504793643951,0.06339447945356369,-0.004088010638952255,0.24607625603675842,0.23773504793643951,0.06339447945356369,-0.004088010638952255,0.24607625603675842,False,-0.022313816472887993,0.3964215815067291,-0.5966346859931946,0.7166734933853149,1.322965145111084,6.0042805671691895,2.451678991317749,2.451678991317749,2.4044063091278076,0.5916781425476074,0.5916781425476074,0.5995513200759888,10363,1.0,9.786991119384766
leave_one_sequence_out,savgol9_p3_fd,s5_rom3,s5_freestyle1|s5_freestyle3|s5_walking2,1,right_forearm,19,-0.22218066453933716,0.05922213941812515,0.003118907567113638,0.22995920479297638,-0.22218066453933716,0.05922213941812515,0.003118907567113638,0.22995920479297638,False,-0.4151410758495331,-0.3483552634716034,-0.9871122241020203,1.1260924339294434,1.341948390007019,6.555206298828125,2.8015501499176025,2.8015501499176025,2.6688904762268066,0.5726221203804016,0.5726221203804016,0.5928594470024109,10363,1.0,11.27025318145752
leave_one_sequence_out,savgol9_p3_fd,s5_rom3,s5_freestyle1|s5_freestyle3|s5_walking2,2,left_lower_leg,4,-0.006009075324982405,-0.17684829235076904,0.04115239903330803,0.18167263269424438,-0.006009075324982405,-0.17684829235076904,0.04115239903330803,0.18167263269424438,False,0.09875410795211792,0.020240331068634987,-0.18241293728351593,0.20841430127620697,1.4562972784042358,5.57991886138916,4.091039180755615,4.091039180755615,4.095296382904053,0.2668282091617584,0.2668282091617584,0.26606523990631104,10363,1.0,5.422308921813965
leave_one_sequence_out,savgol9_p3_fd,s5_rom3,s5_freestyle1|s5_freestyle3|s5_walking2,3,right_lower_leg,5,0.0029071683529764414,-0.17227166891098022,0.04895149916410446,0.17911513149738312,0.0029071683529764414,-0.17227166891098022,0.04895149916410446,0.17911513149738312,False,0.05368077754974365,-0.09369760006666183,-0.24973765015602112,0.2720840871334076,1.4696967601776123,5.799681663513184,4.343722343444824,4.343722343444824,4.357214450836182,0.2510412335395813,0.2510412335395813,0.2487148940563202,10363,1.0,5.546148300170898
leave_one_sequence_out,savgol9_p3_fd,s5_rom3,s5_freestyle1|s5_freestyle3|s5_walking2,4,head,15,-0.0040438976138830185,0.19893212616443634,0.03088873252272606,0.20135654509067535,-0.0040438976138830185,0.19893212616443634,0.03088873252272606,0.20135654509067535,False,0.05644519254565239,0.06463424861431122,-0.03047166019678116,0.09106133878231049,1.1338573694229126,2.3682265281677246,1.642094373703003,1.642094373703003,1.6422592401504517,0.30661430954933167,0.30661430954933167,0.306544691324234,10363,1.0,2.656874179840088
leave_one_sequence_out,savgol9_p3_fd,s5_rom3,s5_freestyle1|s5_freestyle3|s5_walking2,5,pelvis,0,0.0034304980654269457,0.17718049883842468,-0.10096747428178787,0.2039586454629898,0.0034304980654269457,0.17718049883842468,-0.10096747428178787,0.2039586454629898,False,-0.07336488366127014,0.029601123183965683,-0.047320540994405746,0.09218387305736542,1.4372104406356812,2.9572091102600098,2.4862656593322754,2.4862656593322754,2.4882049560546875,0.15925267338752747,0.15925267338752747,0.15859688818454742,10363,1.0,8.338656425476074
leave_one_sequence_out,savgol9_p3_fd,s5_walking2,s5_freestyle1|s5_freestyle3|s5_rom3,0,left_forearm,18,0.23942390084266663,0.06442375481128693,-0.007318934425711632,0.24804796278476715,0.23942390084266663,0.06442375481128693,-0.007318934425711632,0.24804796278476715,False,0.016870643943548203,0.33175963163375854,-0.5189957022666931,0.6162025928497314,1.3399460315704346,4.533914089202881,2.0281565189361572,2.0281565189361572,2.004598379135132,0.5526698231697083,0.5526698231697083,0.5578657984733582,12382,1.0,8.868569374084473
leave_one_sequence_out,savgol9_p3_fd,s5_walking2,s5_freestyle1|s5_freestyle3|s5_rom3,1,right_forearm,19,-0.22271832823753357,0.06294959783554077,-0.0008635388221591711,0.23144513368606567,-0.22271832823753357,0.06294959783554077,-0.0008635388221591711,0.23144513368606567,False,-0.41159072518348694,-0.28552931547164917,-0.9524356722831726,1.076135516166687,1.3530608415603638,5.01046895980835,2.4153950214385986,2.4153950214385986,2.243757963180542,0.5179303288459778,0.5179303288459778,0.5521860122680664,12382,1.0,10.244841575622559
leave_one_sequence_out,savgol9_p3_fd,s5_walking2,s5_freestyle1|s5_freestyle3|s5_rom3,2,left_lower_leg,4,-0.0035858547780662775,-0.18341057002544403,0.03944383189082146,0.18763823807239532,-0.0035858547780662775,-0.18341057002544403,0.03944383189082146,0.18763823807239532,False,0.05456006899476051,0.1228925809264183,-0.22068212926387787,0.2584182322025299,1.3886812925338745,3.2941641807556152,2.588376045227051,2.588376045227051,2.5952844619750977,0.21425408124923706,0.21425408124923706,0.21215692162513733,12382,1.0,5.428390979766846
leave_one_sequence_out,savgol9_p3_fd,s5_walking2,s5_freestyle1|s5_freestyle3|s5_rom3,3,right_lower_leg,5,0.005482422653585672,-0.1759592890739441,0.046218592673540115,0.182010680437088,0.005482422653585672,-0.1759592890739441,0.046218592673540115,0.182010680437088,False,0.06959070265293121,-0.0786261036992073,-0.27184996008872986,0.29142293334007263,1.367978811264038,3.498844623565674,2.7594258785247803,2.7594258785247803,2.799981117248535,0.2113322615623474,0.2113322615623474,0.19974122941493988,12382,1.0,5.293628692626953
leave_one_sequence_out,savgol9_p3_fd,s5_walking2,s5_freestyle1|s5_freestyle3|s5_rom3,4,head,15,-0.00571720115840435,0.19502326846122742,0.026967208832502365,0.196961909532547,-0.00571720115840435,0.19502326846122742,0.026967208832502365,0.196961909532547,False,0.024031374603509903,0.10104228556156158,-0.06096777319908142,0.12043304741382599,1.1416486501693726,1.8107097148895264,1.2354995012283325,1.2354995012283325,1.2254589796066284,0.31767114996910095,0.31767114996910095,0.32321619987487793,12382,1.0,2.7086427211761475
leave_one_sequence_out,savgol9_p3_fd,s5_walking2,s5_freestyle1|s5_freestyle3|s5_rom3,5,pelvis,0,-0.0005770346033386886,0.17973820865154266,-0.10389140993356705,0.20760439336299896,-0.0005770346033386886,0.17973820865154266,-0.10389140993356705,0.20760439336299896,False,-0.16288864612579346,0.030264291912317276,-0.25305646657943726,0.30246686935424805,1.4578484296798706,2.052708864212036,1.7360564470291138,1.7360564470291138,1.708724856376648,0.1542607545852661,0.1542607545852661,0.1675756424665451,12382,1.0,5.991844654083252
leave_one_sequence_out,savgol15_p3_fd,s5_freestyle1,s5_freestyle3|s5_rom3|s5_walking2,0,left_forearm,18,0.24599137902259827,0.06926236301660538,-0.004394553601741791,0.2555941045284271,0.24599137902259827,0.06926236301660538,-0.004394553601741791,0.2555941045284271,False,0.07560889422893524,0.19044029712677002,-0.3101716935634613,0.37174007296562195,1.3652507066726685,3.998650312423706,1.9133563041687012,1.9133563041687012,1.914381980895996,0.5214994549751282,0.5214994549751282,0.5212429761886597,13046,1.0,8.834885597229004
leave_one_sequence_out,savgol15_p3_fd,s5_freestyle1,s5_freestyle3|s5_rom3|s5_walking2,1,right_forearm,19,-0.234901562333107,0.05853307619690895,0.007134235929697752,0.24218951165676117,-0.234901562333107,0.05853307619690895,0.007134235929697752,0.24218951165676117,False,-0.13066832721233368,-0.1085098534822464,-0.4636421799659729,0.4937739074230194,1.3996046781539917,4.218297004699707,2.098733901977539,2.098733901977539,2.109161376953125,0.5024688839912415,0.5024688839912415,0.49999696016311646,13046,1.0,8.805381774902344
leave_one_sequence_out,savgol15_p3_fd,s5_freestyle1,s5_freestyle3|s5_rom3|s5_walking2,2,left_lower_leg,4,-0.00716483173891902,-0.1681799590587616,0.035357724875211716,0.1720058172941208,-0.00716483173891902,-0.1681799590587616,0.035357724875211716,0.1720058172941208,False,0.05350827798247337,0.14020377397537231,-0.30782684683799744,0.34245815873146057,1.7106459140777588,3.861269950866699,3.1195456981658936,3.1195456981658936,3.1348392963409424,0.19209334254264832,0.19209334254264832,0.18813256919384003,13046,1.0,5.409785747528076
leave_one_sequence_out,savgol15_p3_fd,s5_freestyle1,s5_freestyle3|s5_rom3|s5_walking2,3,right_lower_leg,5,0.00611468218266964,-0.16048920154571533,0.04257986694574356,0.1661541908979416,0.00611468218266964,-0.16048920154571533,0.04257986694574356,0.1661541908979416,False,0.06074657663702965,-0.0027911406941711903,-0.3490763008594513,0.35433346033096313,1.6644344329833984,4.034901142120361,3.347135305404663,3.347135305404663,3.390895366668701,0.170454204082489,0.170454204082489,0.15960881114006042,13046,1.0,5.373773097991943
leave_one_sequence_out,savgol15_p3_fd,s5_freestyle1,s5_freestyle3|s5_rom3|s5_walking2,4,head,15,-0.0022150983568280935,0.2139347791671753,0.035673800855875015,0.21690000593662262,-0.0022150983568280935,0.2139347791671753,0.035673800855875015,0.21690000593662262,False,-0.009336372837424278,0.04302751272916794,-0.061395347118377686,0.07555080205202103,1.1346099376678467,1.5718907117843628,1.1291779279708862,1.1291779279708862,1.1209306716918945,0.28164348006248474,0.28164348006248474,0.2868902087211609,13046,1.0,2.5915706157684326
leave_one_sequence_out,savgol15_p3_fd,s5_freestyle1,s5_freestyle3|s5_rom3|s5_walking2,5,pelvis,0,-0.0011069728061556816,0.1558544933795929,-0.08198700845241547,0.17610712349414825,-0.0011069728061556816,0.1558544933795929,-0.08198700845241547,0.17610712349414825,False,-0.09820330888032913,0.02742193639278412,-0.29252108931541443,0.3097812831401825,1.4252662658691406,2.212531089782715,2.08544921875,2.08544921875,2.0806515216827393,0.05743732675909996,0.05743732675909996,0.05960574746131897,13046,1.0,7.880009174346924
leave_one_sequence_out,savgol15_p3_fd,s5_freestyle3,s5_freestyle1|s5_rom3|s5_walking2,0,left_forearm,18,0.23431864380836487,0.06777765601873398,-0.005409620702266693,0.24398422241210938,0.23431864380836487,0.06777765601873398,-0.005409620702266693,0.24398422241210938,False,-0.03608734905719757,0.10069186985492706,-0.4513269066810608,0.46382877230644226,1.333600640296936,3.283994436264038,1.4689009189605713,1.4689009189605713,1.4429335594177246,0.5527090430259705,0.5527090430259705,0.5606163144111633,12557,1.0,7.819454669952393
leave_one_sequence_out,savgol15_p3_fd,s5_freestyle3,s5_freestyle1|s5_rom3|s5_walking2,1,right_forearm,19,-0.22439442574977875,0.06118317320942879,0.0015786046860739589,0.23259133100509644,-0.22439442574977875,0.06118317320942879,0.0015786046860739589,0.23259133100509644,False,-0.34975913166999817,-0.10269934684038162,-0.7587288022041321,0.8417529463768005,1.3539892435073853,3.575342893600464,1.723888874053955,1.723888874053955,1.5324430465698242,0.5178395509719849,0.5178395509719849,0.5713857412338257,12557,1.0,8.515094757080078
leave_one_sequence_out,savgol15_p3_fd,s5_freestyle3,s5_freestyle1|s5_rom3|s5_walking2,2,left_lower_leg,4,-0.012833232060074806,-0.1673123687505722,0.038958840072155,0.17226697504520416,-0.012833232060074806,-0.1673123687505722,0.038958840072155,0.17226697504520416,False,0.06863578408956528,0.12610690295696259,-0.22925738990306854,0.2705046534538269,1.8463507890701294,3.0977911949157715,2.389130115509033,2.389130115509033,2.3908491134643555,0.22876334190368652,0.22876334190368652,0.22820843756198883,12557,1.0,4.5371856689453125
leave_one_sequence_out,savgol15_p3_fd,s5_freestyle3,s5_freestyle1|s5_rom3|s5_walking2,3,right_lower_leg,5,0.01261225063353777,-0.1615627557039261,0.043332092463970184,0.1677476167678833,0.01261225063353777,-0.1615627557039261,0.043332092463970184,0.1677476167678833,False,0.08298293501138687,0.005582843907177448,-0.27473801374435425,0.2870510518550873,1.7994444370269775,3.176987886428833,2.537705659866333,2.537705659866333,2.543508291244507,0.2012227475643158,0.2012227475643158,0.1993962824344635,12557,1.0,4.587738037109375
leave_one_sequence_out,savgol15_p3_fd,s5_freestyle3,s5_freestyle1|s5_rom3|s5_walking2,4,head,15,-0.004275760147720575,0.1938798427581787,0.025720978155732155,0.19562527537345886,-0.004275760147720575,0.1938798427581787,0.025720978155732155,0.19562527537345886,False,0.02352588064968586,0.06301314383745193,-0.06372785568237305,0.09265723079442978,1.0774662494659424,1.313167929649353,0.9943103790283203,0.9943103790283203,0.9884026646614075,0.2428155243396759,0.2428155243396759,0.24731434881687164,12557,1.0,2.617797613143921
leave_one_sequence_out,savgol15_p3_fd,s5_freestyle3,s5_freestyle1|s5_rom3|s5_walking2,5,pelvis,0,0.0025160140357911587,0.1497659832239151,-0.0681879073381424,0.16457754373550415,0.0025160140357911587,0.1497659832239151,-0.0681879073381424,0.16457754373550415,False,-0.17937089502811432,0.026292741298675537,-0.1572878658771515,0.24000978469848633,1.487584114074707,1.731314778327942,1.6040987968444824,1.6040987968444824,1.5860707759857178,0.07347940653562546,0.07347940653562546,0.08389231562614441,12557,1.0,6.795644283294678
leave_one_sequence_out,savgol15_p3_fd,s5_rom3,s5_freestyle1|s5_freestyle3|s5_walking2,0,left_forearm,18,0.24385030567646027,0.07183391600847244,-0.002294243546202779,0.2542210519313812,0.24385030567646027,0.07183391600847244,-0.002294243546202779,0.2542210519313812,False,-0.010876172222197056,0.3715429902076721,-0.5765955448150635,0.6860210299491882,1.3689074516296387,5.809458255767822,2.5182809829711914,2.5182809829711914,2.486161947250366,0.5665205121040344,0.5665205121040344,0.5720492601394653,10363,1.0,10.009495735168457
leave_one_sequence_out,savgol15_p3_fd,s5_rom3,s5_freestyle1|s5_freestyle3|s5_walking2,1,right_forearm,19,-0.2318010926246643,0.06631706655025482,0.0067891343496739864,0.24119658768177032,-0.2318010926246643,0.06631706655025482,0.0067891343496739864,0.24119658768177032,False,-0.3812544047832489,-0.3283105790615082,-0.9756925106048584,1.0977789163589478,1.3825973272323608,6.373689651489258,2.904492139816284,2.904492139816284,2.7855052947998047,0.5442997217178345,0.5442997217178345,0.5629681348800659,10363,1.0,11.506296157836914
leave_one_sequence_out,savgol15_p3_fd,s5_rom3,s5_freestyle1|s5_freestyle3|s5_walking2,2,left_lower_leg,4,-0.006765044294297695,-0.17095451056957245,0.03449677675962448,0.1745314747095108,-0.006765044294297695,-0.17095451056957245,0.03449677675962448,0.1745314747095108,False,0.11480488628149033,0.035673245787620544,-0.2484072744846344,0.2759690582752228,1.65673828125,5.679388999938965,4.495826721191406,4.495826721191406,4.505067825317383,0.2083960622549057,0.2083960622549057,0.2067689299583435,10363,1.0,5.644450664520264
leave_one_sequence_out,savgol15_p3_fd,s5_rom3,s5_freestyle1|s5_freestyle3|s5_walking2,3,right_lower_leg,5,0.0076003712601959705,-0.16302411258220673,0.040949493646621704,0.16826017200946808,0.0076003712601959705,-0.16302411258220673,0.040949493646621704,0.16826017200946808,False,0.02614823915064335,-0.06727195531129837,-0.3269708752632141,0.3348420560359955,1.637036681175232,5.968016624450684,4.877155780792236,4.877155780792236,4.895370006561279,0.18278448283672333,0.18278448283672333,0.1797325164079666,10363,1.0,5.783863544464111
leave_one_sequence_out,savgol15_p3_fd,s5_rom3,s5_freestyle1|s5_freestyle3|s5_walking2,4,head,15,-0.00342809921130538,0.20547160506248474,0.031764157116413116,0.20794060826301575,-0.00342809921130538,0.20547160506248474,0.031764157116413116,0.20794060826301575,False,0.05217905715107918,0.06346988677978516,-0.03442357853055,0.08908458799123764,1.0961779356002808,2.1337063312530518,1.5702030658721924,1.5702030658721924,1.5687605142593384,0.2640959918498993,0.2640959918498993,0.26477205753326416,10363,1.0,2.7043356895446777
leave_one_sequence_out,savgol15_p3_fd,s5_rom3,s5_freestyle1|s5_freestyle3|s5_walking2,5,pelvis,0,0.00025115214521065354,0.16059181094169617,-0.0812702625989914,0.1799851357936859,0.00025115214521065354,0.16059181094169617,-0.0812702625989914,0.1799851357936859,False,-0.06857019662857056,0.02643546462059021,-0.08414459973573685,0.11171848326921463,1.494567632675171,3.004209280014038,2.7813403606414795,2.7813403606414795,2.7872414588928223,0.07418555021286011,0.07418555021286011,0.07222127169370651,10363,1.0,8.383611679077148
leave_one_sequence_out,savgol15_p3_fd,s5_walking2,s5_freestyle1|s5_freestyle3|s5_rom3,0,left_forearm,18,0.2457738071680069,0.07295628637075424,-0.0073553090915083885,0.2564789950847626,0.2457738071680069,0.07295628637075424,-0.0073553090915083885,0.2564789950847626,False,0.0275596771389246,0.3221001923084259,-0.5037349462509155,0.5985457301139832,1.334842324256897,4.394739151000977,2.1192078590393066,2.1192078590393066,2.102308988571167,0.5177853107452393,0.5177853107452393,0.5216305255889893,12382,1.0,9.03376293182373
leave_one_sequence_out,savgol15_p3_fd,s5_walking2,s5_freestyle1|s5_freestyle3|s5_rom3,1,right_forearm,19,-0.23238570988178253,0.07099959254264832,0.002723201410844922,0.24300509691238403,-0.23238570988178253,0.07099959254264832,0.002723201410844922,0.24300509691238403,False,-0.39192187786102295,-0.2674540877342224,-0.94565749168396,1.0580182075500488,1.3558014631271362,4.885138034820557,2.521056652069092,2.521056652069092,2.3583619594573975,0.48393338918685913,0.48393338918685913,0.5172374248504639,12382,1.0,10.433451652526855
leave_one_sequence_out,savgol15_p3_fd,s5_walking2,s5_freestyle1|s5_freestyle3|s5_rom3,2,left_lower_leg,4,-0.0005964394076727331,-0.17928571999073029,0.030220534652471542,0.18181586265563965,-0.0005964394076727331,-0.17928571999073029,0.030220534652471542,0.18181586265563965,False,0.05528520047664642,0.12599512934684753,-0.25947946310043335,0.2937019169330597,1.421903133392334,3.37337589263916,2.819629192352295,2.819629192352295,2.837178945541382,0.1641520857810974,0.1641520857810974,0.15894965827465057,12382,1.0,5.547266960144043
leave_one_sequence_out,savgol15_p3_fd,s5_walking2,s5_freestyle1|s5_freestyle3|s5_rom3,3,right_lower_leg,5,0.007375803310424089,-0.1666727513074875,0.03787397965788841,0.1710808128118515,0.007375803310424089,-0.1666727513074875,0.03787397965788841,0.1710808128118515,False,0.05869365110993385,-0.06776104122400284,-0.31259143352508545,0.32519209384918213,1.480756163597107,3.5946736335754395,3.064335346221924,3.064335346221924,3.1187260150909424,0.14753447473049164,0.14753447473049164,0.13240356743335724,12382,1.0,5.425009727478027
leave_one_sequence_out,savgol15_p3_fd,s5_walking2,s5_freestyle1|s5_freestyle3|s5_rom3,4,head,15,-0.004349777940660715,0.20410670340061188,0.029188791289925575,0.20622912049293518,-0.004349777940660715,0.20410670340061188,0.029188791289925575,0.20622912049293518,False,0.02212154120206833,0.1033230647444725,-0.05990315228700638,0.1214635968208313,1.1041488647460938,1.6646417379379272,1.2002581357955933,1.2002581357955933,1.188819408416748,0.2789691090583801,0.2789691090583801,0.2858406901359558,12382,1.0,2.743377447128296
leave_one_sequence_out,savgol15_p3_fd,s5_walking2,s5_freestyle1|s5_freestyle3|s5_rom3,5,pelvis,0,-0.0036748957354575396,0.16696788370609283,-0.09300287812948227,0.19115781784057617,-0.0036748957354575396,0.16696788370609283,-0.09300287812948227,0.19115781784057617,False,-0.16085244715213776,0.027861900627613068,-0.2689894139766693,0.3146507740020752,1.551715612411499,2.066314458847046,1.90203857421875,1.90203857421875,1.87700617313385,0.07950188219547272,0.07950188219547272,0.09161639958620071,12382,1.0,6.024910926818848
