source,solution_type,bias_mode,comparison_space,method,sensor_id,sensor_name,mapped_joint_id,vertex_id,num_frames,mean_l2_error,rmse,pearson_correlation,cosine_similarity,magnitude_mae,residual_mean,residual_std,residual_p95,x_mae,x_rmse,x_bias,x_pearson_correlation,y_mae,y_rmse,y_bias,y_pearson_correlation,z_mae,z_rmse,z_bias,z_pearson_correlation
accfit_global,projected,no_bias,model_world_linear_acc,raw_fd,0,left_forearm,18,,16116,2.3314252918272445,2.7242546032084016,0.8526306880499656,0.8526120563797395,1.252291279377949,2.3314252918272445,4.102334157273728,6.360084113135466,1.2096396407970527,2.8315374257470145,0.02975678899352938,0.828698744658534,1.0456850342572725,2.2984792986928237,0.08729706031493852,0.8971561463796194,1.2245954375926265,2.9940070389665117,-0.016554475760100777,0.83378684443355
accfit_global,projected,no_bias,model_world_linear_acc,raw_fd,1,right_forearm,19,,16116,2.63879406732079,3.0085428383838853,0.8656170270521256,0.8655949404398682,1.3535140592453225,2.63879406732079,4.493412500699829,7.029151218960111,1.3775975591895815,2.843425428977044,-0.3441912651426774,0.8589432221865736,1.1280074028622338,2.86602528073054,0.051882077765748824,0.8836107697790011,1.4470388083938315,3.2946655294935523,0.4200668241952348,0.8576816029887778
accfit_global,projected,no_bias,model_world_linear_acc,raw_fd,2,left_lower_leg,4,,16116,3.3163675855481505,3.6326708252363553,0.6400223248330524,0.6399831775900495,1.798384061753727,3.3163675855481505,5.347017674470104,11.044214515301585,1.7767172473236954,3.573140214358299,0.12068735033921624,0.663920922358763,1.3753884948640285,3.4598278541555825,-0.06029506484460345,0.5962360511934939,1.765591936022645,3.8537192686695345,0.10901396521664167,0.6526985889808672
accfit_global,projected,no_bias,model_world_linear_acc,raw_fd,3,right_lower_leg,5,,16116,3.353456901251193,3.9424681025329127,0.6620633583820635,0.662041167501442,1.8558706875522737,3.353456901251193,5.948402393073215,11.148991610748048,1.750370329039677,3.5887163684579613,-0.011927480901101201,0.6851953038627153,1.4479109430156294,4.001036561275405,0.060146123437142957,0.6455886755714612,1.7897481978007566,4.212123630731628,0.13657995679670726,0.664398982188048
accfit_global,projected,no_bias,model_world_linear_acc,raw_fd,4,head,15,,16116,1.9300589228515412,2.327608264580653,0.6161828901848505,0.6161090343335924,1.090195824003912,1.9300589228515412,3.539513138039415,5.414596818821071,1.0078400250809585,2.096229950947117,-0.06004528795382492,0.5557815539600403,0.8150926034728361,1.8839729774040075,-0.00556884977488519,0.7931451627658959,1.0406313216885597,2.8826630939456317,-0.029396785185994805,0.44276392169128803
accfit_global,projected,no_bias,model_world_linear_acc,savgol15_p3_fd,0,left_forearm,18,,16116,1.5559006379702665,1.709748274083066,0.9380889382660145,0.9380601459669304,0.7910633106258927,1.5559006379702665,2.519700515329905,4.510916204412924,0.7520684378728323,1.4998902384637192,0.03448507179556746,0.9469897172957856,0.7970967017692974,2.078422886913529,0.08571383957680594,0.9149552510976523,0.771138522757338,1.4833088208142464,-0.004171997487413717,0.9546795202061296
accfit_global,projected,no_bias,model_world_linear_acc,savgol15_p3_fd,1,right_forearm,19,,16116,1.9744507393573352,2.2886641159523937,0.9192271380272589,0.919196428509633,0.9835845122796586,1.9744507393573352,3.437367391594289,5.566069799765165,0.9857251933459391,1.896671545523907,-0.34024603046143054,0.9349960324829589,0.9133298412043038,2.4846301164244733,0.05003771465109903,0.9108292482961181,1.0502693042436235,2.437868031682789,0.4331423975207137,0.9193999059008423
accfit_global,projected,no_bias,model_world_linear_acc,savgol15_p3_fd,2,left_lower_leg,4,,16116,3.2665284637115466,3.618232266311948,0.6055827617211448,0.6055275062378829,2.0192090621234806,3.2665284637115466,5.348327401599959,11.601140501469787,1.747529073291904,3.659075110349011,0.12586071197313137,0.6172173214815266,1.381463409831193,3.6781088118274115,-0.06243435778491223,0.4855104562604273,1.7513361752074148,3.5153234707668948,0.12401856448800463,0.676514352390356
accfit_global,projected,no_bias,model_world_linear_acc,savgol15_p3_fd,3,right_lower_leg,5,,16116,3.486403389122108,4.159300541921184,0.5864457133691424,0.5864302945812965,2.136548857296324,3.486403389122108,6.304310779331509,12.59071922870437,1.7663479989835935,3.745645617422635,-0.0039232322824487844,0.6267470267222445,1.5627186260054147,4.562139233864382,0.0575442145941245,0.4836684597009035,1.8488115465507045,4.1299355338304595,0.14902676066804885,0.63979638157483
accfit_global,projected,no_bias,model_world_linear_acc,savgol15_p3_fd,4,head,15,,16116,1.1103665340893227,0.9805551914132199,0.8831571945623181,0.8830810270301981,0.5886338808385048,1.1103665340893227,1.2851270793959304,3.424703111534511,0.5297494013808502,0.8591893083279355,-0.05652233064389048,0.8701142938871057,0.5828345418346227,1.1014313680908225,-0.008025701479747295,0.9056784518147418,0.5322309732816227,0.965975219176347,-0.01565762158953898,0.8521387591518068
accfit_global,projected,no_bias,model_world_linear_acc,savgol9_p3_fd,0,left_forearm,18,,16116,1.4963777462291479,1.6232674936646154,0.9446510119942785,0.9446236656133306,0.744986990272185,1.4963777462291479,2.380303700907677,4.139827347943909,0.7609333613610968,1.45796369333694,0.03391596435789517,0.9505914548122126,0.7201194326985294,1.9080114189084176,0.08615465373074514,0.928793725206603,0.7483508477244525,1.4624726876735181,-0.007104292348513579,0.9565828972001506
accfit_global,projected,no_bias,model_world_linear_acc,savgol9_p3_fd,1,right_forearm,19,,16116,1.914204926602281,2.231775434624653,0.9236674583837045,0.9236384924715346,0.9189539412498713,1.914204926602281,3.358315689561321,5.152203347517594,0.9822733239359741,1.8433025665736378,-0.341475124449161,0.9393967369903626,0.82856998597793,2.388679838192681,0.0509408466678809,0.9179099684360776,1.0463587785705777,2.4163834651099982,0.42952851803402825,0.9214368988368451
accfit_global,projected,no_bias,model_world_linear_acc,savgol9_p3_fd,2,left_lower_leg,4,,16116,3.0060601939575085,3.3832699721048876,0.6676339090893034,0.6675841484266606,1.7502371222226547,3.0060601939575085,5.030223575820857,10.360183314871113,1.5952382885301857,3.3982304313239453,0.12404574730956396,0.6822491196893798,1.290356447987238,3.449098134414941,-0.06230788545710302,0.572698437675227,1.5995567681784026,3.300802797387185,0.11780420432494133,0.7212155573622692
accfit_global,projected,no_bias,model_world_linear_acc,savgol9_p3_fd,3,right_lower_leg,5,,16116,3.132942895544705,3.8276754331738205,0.666625511009319,0.6666045609503847,1.835903987269777,3.132942895544705,5.842770445467043,11.418614379021433,1.5767678133171925,3.4077475180387977,-0.0073378267596859725,0.7052703428346626,1.438678504915325,4.2828996885191,0.05738889262705235,0.5699445004433492,1.6448091934919338,3.7412998779235256,0.1444596662984726,0.7177254331520475
accfit_global,projected,no_bias,model_world_linear_acc,savgol9_p3_fd,4,head,15,,16116,1.1781006240159428,1.0757458299549472,0.8717340401187529,0.8716470364941507,0.6315481594907641,1.1781006240159428,1.443525611719314,3.591508868886856,0.586882252876356,0.9902841847864503,-0.05774155056325857,0.846992223258669,0.5663460705528249,1.0752859933785552,-0.00828358025046666,0.9147295993573863,0.5929183736915076,1.1553287574548223,-0.020654869874022562,0.8135509740006331
accfit_global,projected,no_bias,sensor_specific_force,raw_fd,0,left_forearm,18,,16116,2.33142518872595,2.7242546236475853,0.9270492763164686,0.9348973979301738,1.120615182031135,2.33142518872595,4.102334256587329,6.3600738601190825,1.0117520555635056,2.617823292921556,0.20367175429433235,0.9047559236069279,1.2653535139650345,2.751157977538024,-0.1417969340389108,0.8357425045555468,1.203348700230361,2.8005036606049947,0.22461446698208243,0.8197223399224042
accfit_global,projected,no_bias,sensor_specific_force,raw_fd,1,right_forearm,19,,16116,2.6387939388811468,3.008542871436345,0.9311387516332854,0.9309444759699984,1.156627021740945,2.6387939388811468,4.49341264251743,7.0291531092266615,1.222544503381731,2.8177417819477597,0.42751664602422723,0.923584344400597,1.2985024198606467,2.9983257322460366,-0.13902855475253187,0.8289929941284282,1.4389878699594072,3.197556048207518,0.4681459894991306,0.8239343287244709
accfit_global,projected,no_bias,sensor_specific_force,raw_fd,2,left_lower_leg,4,,16116,3.31636735044215,3.6326707218884193,0.8562957588674535,0.8699379575230947,1.4966657332993767,3.31636735044215,5.347017609650944,11.044215862330947,1.2277657429401163,3.211400596400106,-0.03622584433255999,0.7157268184308115,1.8813316429772085,3.775390908266565,-0.1664476439484945,0.5497044481865005,1.7844711965646667,3.8758507995297222,0.24994246469405854,0.6420712906009054
accfit_global,projected,no_bias,sensor_specific_force,raw_fd,3,right_lower_leg,5,,16116,3.3534568334095574,3.942467988842815,0.807111914483215,0.8582527307883626,1.595999914680203,3.3534568334095574,5.948402205265686,11.148989660327581,1.430401496263382,4.142237574754308,-0.08326959329922926,0.6819523238415737,1.798103777111838,3.66759361532947,-0.055368260460569974,0.6093451963007644,1.7631262897193538,4.002472545344813,0.2124883394526101,0.6662331086142361
accfit_global,projected,no_bias,sensor_specific_force,raw_fd,4,head,15,,16116,1.9300589695004589,2.327608269063684,0.926024796622644,0.9310522907893978,0.9085950686994129,1.9300589695004589,3.539513121446471,5.414597114938229,1.0108015295433024,2.926321677519131,-0.009053117471069341,0.7235314378425513,1.0315919253526407,2.1944188000308946,-0.047727479563534445,0.7748018871325772,0.8294092715761425,1.6954198100746332,0.0428401493716691,0.8765228931174
accfit_global,projected,no_bias,sensor_specific_force,savgol15_p3_fd,0,left_forearm,18,,16116,1.5559005727634978,1.709748131942746,0.9699544197133252,0.9734753484974519,0.7974594288271578,1.5559005727634978,2.5197002662458385,4.510913650510462,0.7877311133289537,1.9732447709693826,-0.03435295595519095,0.944196660201941,0.8239055857171113,1.697092165827616,0.06375049285422021,0.9300864872066587,0.7094666539065515,1.41276299448055,0.08405477837727393,0.9445473296114758
accfit_global,projected,no_bias,sensor_specific_force,savgol15_p3_fd,1,right_forearm,19,,16116,1.974450685986158,2.2886639906307047,0.9590716071934442,0.95917866918931,0.8771960016187704,1.974450685986158,3.43736717192647,5.5660673611235705,0.9232879251082854,2.4945572149063766,0.18849945982394914,0.9371225995575962,0.9944714378711191,2.0809092874399235,-0.11561061079941035,0.9108274261713657,1.039532192265285,2.271772309240915,0.33426579586736554,0.8982232671903194
accfit_global,projected,no_bias,sensor_specific_force,savgol15_p3_fd,2,left_lower_leg,4,,16116,3.2665280547567814,3.6182319630311883,0.8537795689660684,0.8679686623769154,1.545310523280592,3.2665280547567814,5.348327035848542,11.601139173583825,1.24404193947551,3.5659711437600885,-0.07205365731734084,0.6087804337317029,1.893358863232054,3.7680499550122155,-0.17705903044923926,0.464702236618105,1.7016454588916259,3.5157441535618568,0.27315903637960665,0.6877648308744326
accfit_global,projected,no_bias,sensor_specific_force,savgol15_p3_fd,3,right_lower_leg,5,,16116,3.4864031612794326,4.159300285246903,0.7751291585071812,0.8373082809062382,1.745652176193725,3.4864031612794326,6.304310397306409,12.59071827497035,1.5714689892609095,4.635347084356372,-0.0552413446935986,0.560911672780008,1.8927546119619671,4.014767288175713,-0.04188602793702372,0.4380718107753982,1.7010529840624116,3.7808117670558588,0.28770205071743254,0.6824601450868792
accfit_global,projected,no_bias,sensor_specific_force,savgol15_p3_fd,4,head,15,,16116,1.110366570316442,0.9805551724977121,0.9856537274248958,0.9866989362891744,0.5939172900301048,1.110366570316442,1.2851270047974848,3.4247028379327715,0.5155899872047254,0.8902313777681305,-0.030932811082263093,0.9642980222870455,0.5591030120485374,0.9890816836742756,-0.035622792828048984,0.943268331068992,0.5600283646958514,1.0553060484964392,-0.012367822974238366,0.9421436908061352
accfit_global,projected,no_bias,sensor_specific_force,savgol9_p3_fd,0,left_forearm,18,,16116,1.4963777215846077,1.623267422449117,0.9731232117680375,0.9762230305143969,0.7041913007956848,1.4963777215846077,2.3803035707024978,4.139829090677026,0.6874306639004568,1.8002660919335904,-0.011951870036945506,0.9537608687293994,0.8174938257115051,1.666401891941956,0.037575257289386106,0.9334934337189473,0.7331974326516248,1.3737314537857201,0.10752079171611988,0.9487391835649891
accfit_global,projected,no_bias,sensor_specific_force,savgol9_p3_fd,1,right_forearm,19,,16116,1.914204859427098,2.2317753296931646,0.9613147492435182,0.9613219547746991,0.7731751500851967,1.914204859427098,3.3583155186531806,5.1522060651743695,0.8463194796344192,2.383846400546519,0.2376798722358008,0.9433493097319889,0.9624378758835623,2.0071972827580726,-0.0926913180300657,0.9180819375491603,1.0598809010763093,2.2871158198419046,0.35356420281411,0.8982939311951975
accfit_global,projected,no_bias,sensor_specific_force,savgol9_p3_fd,2,left_lower_leg,4,,16116,3.0060598037325956,3.383269693453186,0.8734396773841411,0.8856017566258482,1.4056469586356104,3.0060598037325956,5.030223246765454,10.360182403911194,1.1417558069040268,3.384519374907271,-0.059575704070798395,0.6582359019992204,1.7220844881387651,3.440120256710286,-0.174334181376595,0.5876270192496641,1.5894479325717044,3.3241754881722607,0.21856349571239314,0.7256769617368969
accfit_global,projected,no_bias,sensor_specific_force,savgol9_p3_fd,3,right_lower_leg,5,,16116,3.132942697687346,3.8276751954147343,0.8135616248607886,0.8642070586086636,1.5588617786458119,3.132942697687346,5.842770084282558,11.418612303686977,1.3972422970080112,4.296302285417552,-0.07262275749015455,0.6415066542874426,1.687257164375509,3.631826475802584,-0.03557778930855978,0.5786474977861896,1.5606436323186519,3.5078362742230387,0.21162193297396653,0.7336324682221591
accfit_global,projected,no_bias,sensor_specific_force,savgol9_p3_fd,4,head,15,,16116,1.1781006950654351,1.0757458448236505,0.9829409361634751,0.9841548621601365,0.5888074160696072,1.1781006950654351,1.4435255869753012,3.5915091317225323,0.5726256968167375,1.1049933719314846,-0.03434797486567512,0.9464725281574877,0.6112464337214513,1.0712199332507248,-0.0363254247543112,0.9364706755006778,0.5596639892411969,1.050316557310152,-0.012501756521658433,0.9447478560117073
accfit_loo,projected,no_bias,model_world_linear_acc,raw_fd,0,left_forearm,18,,16116,2.455287509156801,2.9039919995965886,0.8306215700219017,0.8306036924345336,1.3327841414576487,2.455287509156801,4.389882896905289,6.7852413565307135,1.2772389608226138,3.1442158665196556,0.029763839006947283,0.7893623678344701,1.100325973136279,2.4024947127126484,0.08731644675523953,0.886457662569938,1.2905134831357088,3.105065915770034,-0.016566624706594858,0.8172493546771848
accfit_loo,projected,no_bias,model_world_linear_acc,raw_fd,1,right_forearm,19,,16116,2.6963689204413375,3.087613509692342,0.8572929338235074,0.8572712022453819,1.4100354888954991,2.6963689204413375,4.618405157690476,7.290005774721309,1.3942676133671061,2.87711265731588,-0.34418865127040993,0.8535731500881899,1.1706395658141302,3.0100489028887654,0.051903936815013305,0.8713142024446768,1.4739686686067814,3.3558754319901207,0.42005510749152036,0.8505179419264043
accfit_loo,projected,no_bias,model_world_linear_acc,raw_fd,2,left_lower_leg,4,,16116,3.317219246319289,3.6462054142161313,0.6375286549154563,0.6374896918946042,1.8039215608392385,3.317219246319289,5.374057893233564,11.067333330791055,1.7813839627069588,3.601052920469128,0.12072425094568585,0.6592208829545068,1.3679731360408502,3.4564945792426065,-0.060309222937517885,0.596378592307539,1.7695220837784023,3.869044437018568,0.10902123310082872,0.650386658684098
accfit_loo,projected,no_bias,model_world_linear_acc,raw_fd,3,right_lower_leg,5,,16116,3.363075190227306,3.9559048824394463,0.6603027086768481,0.6602804981123557,1.8677175624802638,3.363075190227306,5.969696439652716,11.221442891293758,1.756957869104323,3.6063991196081306,-0.011943382845953898,0.6824141310494658,1.4532738994075631,4.01437462258284,0.060136393751864935,0.6428971958539109,1.7931023433720834,4.222112278987537,0.13665149852168393,0.664443537023068
accfit_loo,projected,no_bias,model_world_linear_acc,raw_fd,4,head,15,,16116,1.9266015962104817,2.333678605718696,0.6171846563268429,0.617110891249448,1.0886979734701918,1.9266015962104817,3.553360915224725,5.414381541599946,1.0059706032042746,2.101146070045697,-0.06003973804726678,0.5582599886778155,0.8141841901409387,1.8910591090752984,-0.00558844605563858,0.7926627294342247,1.0378276774820174,2.8891604563752304,-0.02936662861984431,0.445418840036478
accfit_loo,projected,no_bias,model_world_linear_acc,savgol15_p3_fd,0,left_forearm,18,,16116,1.5568136100145635,1.7134149725914245,0.9378533984725986,0.9378246109806526,0.7962618810669648,1.5568136100145635,2.5265992932348484,4.5293559294317385,0.7529760105503026,1.5046797524818787,0.03448166716501734,0.9466542822658987,0.7965929447110399,2.0806577191898956,0.0857319107242659,0.9148715973074582,0.7717325112369345,1.4880103840188708,-0.004179673672293827,0.9543381217577348
accfit_loo,projected,no_bias,model_world_linear_acc,savgol15_p3_fd,1,right_forearm,19,,16116,1.9688360886606389,2.287182931411602,0.9192955074835057,0.919264807275962,0.9810056773033657,1.9688360886606389,3.4376302507991143,5.556219188977842,0.9799578435551195,1.8886915069449517,-0.34025164387938023,0.9353794860354511,0.912648181814019,2.485395583291674,0.05005011980861729,0.910798492358825,1.0476092775178933,2.439112640156242,0.4331374353660767,0.9192514517723
accfit_loo,projected,no_bias,model_world_linear_acc,savgol15_p3_fd,2,left_lower_leg,4,,16116,3.276323026830104,3.623453309843663,0.6038948969224744,0.6038397684498039,2.0107406794579967,3.276323026830104,5.352938360350679,11.68206559822167,1.7512938919836958,3.662845374374004,0.12585622143016775,0.6158949789142747,1.387153011215742,3.683040718116181,-0.062428941529037996,0.4835890010770137,1.7573698202265275,3.522359507201983,0.12403077136696987,0.6746711002982498
accfit_loo,projected,no_bias,model_world_linear_acc,savgol15_p3_fd,3,right_lower_leg,5,,16116,3.4907158531049753,4.161016035106755,0.5859421318560197,0.5859267779834737,2.133789815780404,3.4907158531049753,6.305320464982587,12.600430990799076,1.7687201597672937,3.7480348303895155,-0.003984064126519459,0.6260365462286916,1.565199420333175,4.563597188615517,0.057519821263803506,0.4831816532584169,1.8509623810189382,4.131341058723452,0.14907360258453253,0.6394558548574777
accfit_loo,projected,no_bias,model_world_linear_acc,savgol15_p3_fd,4,head,15,,16116,1.1149403840921623,0.984185833930118,0.8819020982606076,0.8818259672018959,0.5924302213253552,1.1149403840921623,1.2894856366189535,3.4316171143392262,0.5326996988825328,0.8632228105150033,-0.056500852114214,0.8676220551823964,0.5838230663850871,1.103556653652021,-0.008026374981535904,0.9052833481008917,0.5356670271177154,0.9710171773522335,-0.01565695691231493,0.8494290428457476
accfit_loo,projected,no_bias,model_world_linear_acc,savgol9_p3_fd,0,left_forearm,18,,16116,1.497878133288146,1.6245820121583345,0.9444284293147898,0.9444010952987859,0.7496021171620276,1.497878133288146,2.382049798073602,4.119320920274755,0.7622472963268832,1.461405534052458,0.03390794162115845,0.9501177486921512,0.7203029341557446,1.908660892865753,0.08616863801006526,0.928754530434461,0.7495183479163373,1.462568837276053,-0.007098191466758508,0.9563586135842523
accfit_loo,projected,no_bias,model_world_linear_acc,savgol9_p3_fd,1,right_forearm,19,,16116,1.9117551346571457,2.2312033527311237,0.923618631031151,0.9235896671756642,0.9161140332323622,1.9117551346571457,3.358570753881457,5.165241808359074,0.979054826066743,1.8369304361724461,-0.3414720066872301,0.9396418175740674,0.8298612367107514,2.392789942025123,0.05095517590408971,0.9176035362198389,1.0448274692568118,2.4155844157724102,0.42953485091808385,0.9213673482773171
accfit_loo,projected,no_bias,model_world_linear_acc,savgol9_p3_fd,2,left_lower_leg,4,,16116,3.013411128917448,3.386509583357067,0.6668095738473873,0.6667598958377738,1.7471613043816225,3.013411128917448,5.032364736644616,10.383608224847455,1.599103995262927,3.4007639402518786,0.12403172673940702,0.6815575216522372,1.294179778783722,3.4516424703065196,-0.06230345824777296,0.5719216175528997,1.60370031223947,3.3054969905245093,0.11778960721918628,0.7202398833493124
accfit_loo,projected,no_bias,model_world_linear_acc,savgol9_p3_fd,3,right_lower_leg,5,,16116,3.1382037456056224,3.830114932848065,0.666061361980125,0.6660405359030273,1.835288749771338,3.1382037456056224,5.844742804225354,11.409744321232253,1.5797324582141403,3.410757430545999,-0.007401649610581628,0.7045839777346233,1.4414542253184892,4.285249306989242,0.057401873391388844,0.5692871115986528,1.6473634078565658,3.743355890561395,0.14443590454216312,0.7173508937937293
accfit_loo,projected,no_bias,model_world_linear_acc,savgol9_p3_fd,4,head,15,,16116,1.185653675666767,1.0805895928594782,0.8696911374673104,0.8696041241448207,0.6355368100168807,1.185653675666767,1.4481874761116131,3.6278158851685856,0.5908886503560152,0.9953973951311806,-0.05771985178319014,0.8431650241224585,0.5683099063884002,1.0781821259382722,-0.008278568152991972,0.9141900918480933,0.5984564411393108,1.161778349626953,-0.0206838238907603,0.8089865807451725
accfit_loo,projected,no_bias,sensor_specific_force,raw_fd,0,left_forearm,18,,16116,2.4552873736500085,2.9039919651099857,0.9165923314960982,0.9256160450781998,1.1971564070774638,2.4552873736500085,4.389882904254384,6.785241421245884,1.0761376996465688,2.723614358811192,0.25693426648957884,0.8952124107503023,1.3265743001914367,2.913418814315293,-0.1809041500478159,0.8169763558169867,1.2609924921880613,3.0648692691762953,0.23098992205828145,0.78650237536355
accfit_loo,projected,no_bias,sensor_specific_force,raw_fd,1,right_forearm,19,,16116,2.696368824662189,3.0876135516527854,0.9271922717497938,0.9269509437412043,1.210383797594556,2.696368824662189,4.618405297766711,7.290010086191442,1.2516578303893329,2.861622186385973,0.4610896679083567,0.9206209320076151,1.329501394311941,3.0462550725145827,-0.13675266231314884,0.8214121508021174,1.464309283602421,3.3363933863698563,0.48083592037116574,0.809467324102035
accfit_loo,projected,no_bias,sensor_specific_force,raw_fd,2,left_lower_leg,4,,16116,3.317219005487903,3.646205314804674,0.8552572996465372,0.8689850339470298,1.4961687078212893,3.317219005487903,5.374057839543543,11.067335358923621,1.220829946826947,3.202894506138827,-0.04142068356378885,0.716690425952236,1.889461321052044,3.813973630052794,-0.1653108741907167,0.5424856758354041,1.7816857881370753,3.88323467291602,0.2444456660030509,0.6413427192341152
accfit_loo,projected,no_bias,sensor_specific_force,raw_fd,3,right_lower_leg,5,,16116,3.363075117246397,3.9559047647538828,0.8059781474070713,0.8573704736813413,1.6012632821016233,3.363075117246397,5.969696246809009,11.221444007601411,1.4329960941772653,4.153569390218406,-0.07952080626479038,0.6805040693577218,1.795682255464365,3.663582014619046,-0.056065783151484014,0.6113216567717656,1.7767969699680628,4.034052015803462,0.21257551654562626,0.6619069130284752
accfit_loo,projected,no_bias,sensor_specific_force,raw_fd,4,head,15,,16116,1.9266016486102175,2.333678613058146,0.9257614714552987,0.9307957532992209,0.9071628940487583,1.9266016486102175,3.5533609012746465,5.414381377230719,1.008799665672407,2.937076441294439,-0.009772655284753646,0.7233195335070488,1.028565320125502,2.196157969008478,-0.04599804407008371,0.7760189725078052,0.8293528127106432,1.6995998824101892,0.03993515743916546,0.8761086665336092
accfit_loo,projected,no_bias,sensor_specific_force,savgol15_p3_fd,0,left_forearm,18,,16116,1.5568135124076807,1.7134148017425552,0.9698031296769088,0.9733477601061998,0.803096636919447,1.5568135124076807,2.5265990057934204,4.529357005081979,0.7866603385174652,1.9789329177972452,-0.01751408944776493,0.9439792829677501,0.8264833025635561,1.700969908064699,0.04916756436966482,0.9296306887737309,0.7094972640848446,1.4134697475391158,0.09214662088090386,0.9444207629374313
accfit_loo,projected,no_bias,sensor_specific_force,savgol15_p3_fd,1,right_forearm,19,,16116,1.9688360145258543,2.2871827898264687,0.9591360844697935,0.9592112029014379,0.8765460924335481,1.9688360145258543,3.437630010652851,5.556219616129994,0.9174086330340028,2.4966397449248534,0.20616679004668234,0.9370542591733312,0.9908327384758964,2.0729684024978154,-0.09919410181702283,0.911325220614158,1.038668233187151,2.2722692024807247,0.34772314495751805,0.8979795369125175
accfit_loo,projected,no_bias,sensor_specific_force,savgol15_p3_fd,2,left_lower_leg,4,,16116,3.2763226277190234,3.6234530052361924,0.853307608464247,0.8675443032096696,1.5471314771174771,3.2763226277190234,5.352937986056059,11.682063580689123,1.248654449725483,3.5700976522241126,-0.05950428173749239,0.6075359600000918,1.8965990927079026,3.7729805662349025,-0.17835046928486284,0.462763340815537,1.7087659085673266,3.522393425479785,0.2761878263253023,0.6865092279011954
accfit_loo,projected,no_bias,sensor_specific_force,savgol15_p3_fd,3,right_lower_leg,5,,16116,3.490715624682288,4.16101577756431,0.7749149924828964,0.8371598959983946,1.7470534272779938,3.490715624682288,6.305320081567334,12.600426799192615,1.5735148100995493,4.636941203882216,-0.05949131518118868,0.5605013569842745,1.8942380299996724,4.017225294986151,-0.04440532262548254,0.43719828851508025,1.7042094941204688,3.7819087911371057,0.2897692425437652,0.6823718410988603
accfit_loo,projected,no_bias,sensor_specific_force,savgol15_p3_fd,4,head,15,,16116,1.1149404239691691,0.9841858184558556,0.9855394300400298,0.9865960219514585,0.596376633994289,1.1149404239691691,1.2894855667080252,3.431616887409695,0.5185945642413186,0.8948072087158944,-0.029566894211344494,0.9638812342412356,0.5623623312902873,0.9950881979461325,-0.035219360876195815,0.9422986201598654,0.5601596701380533,1.0559283656040572,-0.008722718119007329,0.9420626628928223
accfit_loo,projected,no_bias,sensor_specific_force,savgol9_p3_fd,0,left_forearm,18,,16116,1.497878074318154,1.6245819205185126,0.9730263186237444,0.9761471144112707,0.7091069028272171,1.497878074318154,2.3820496476572006,4.119319470904864,0.6877899233911294,1.8043971144118744,-0.0006354156941439902,0.9535037036208573,0.819567162847121,1.667743669293864,0.024104907671453096,0.9332051110049826,0.7330482920269785,1.3713429025809682,0.11230498636406741,0.9487270876488375
accfit_loo,projected,no_bias,sensor_specific_force,savgol9_p3_fd,1,right_forearm,19,,16116,1.911755070631726,2.2312032470212366,0.9613272669155806,0.9613155942006743,0.77102532351071,1.911755070631726,3.3585705796466763,5.165242134755929,0.842973804222557,2.382509350370126,0.24236937199614988,0.9433439814195955,0.9603257670326968,2.004983485577054,-0.08623738788731795,0.9180951333597155,1.059618375992309,2.288775700350852,0.3653006630570824,0.8979789234005237
accfit_loo,projected,no_bias,sensor_specific_force,savgol9_p3_fd,2,left_lower_leg,4,,16116,3.013410751395614,3.386509305394998,0.873174347121235,0.8853631598017947,1.4061763203755067,3.013410751395614,5.0323644015466575,10.383607908963219,1.1457628182425736,3.387851651296684,-0.05090025178786459,0.6574008019003541,1.7240244512889653,3.4413621095319935,-0.1738301812562058,0.5872264284923483,1.5954785930655717,3.329387908679998,0.21940691199788875,0.7246857127151758
accfit_loo,projected,no_bias,sensor_specific_force,savgol9_p3_fd,3,right_lower_leg,5,,16116,3.1382035511856476,3.8301146909634136,0.8132960595024997,0.8640190137178925,1.5607349108525501,3.1382035511856476,5.844742433086945,11.409744943697891,1.400475257007103,4.299014011119606,-0.07589846498183432,0.6409054645581714,1.6886871453855155,3.6330692381643557,-0.034733621370447804,0.5782719780541054,1.5648271621101062,3.5112137617499863,0.21346784958910772,0.733055291468291
accfit_loo,projected,no_bias,sensor_specific_force,savgol9_p3_fd,4,head,15,,16116,1.185653743438782,1.0805896055930089,0.9827677673324491,0.9839986395536048,0.5929839408214703,1.185653743438782,1.448187449129624,3.6278186358523414,0.5783626073285457,1.110706767753288,-0.03327065806024327,0.9456934041452572,0.6158114228171617,1.079213717786414,-0.03613788219939226,0.9349926691465045,0.5601033267742367,1.0510232702255615,-0.009306676845075726,0.9446522011481031
accfit_per_sequence,projected,no_bias,model_world_linear_acc,raw_fd,0,left_forearm,18,,16116,2.3520755151579773,2.6071762406189447,0.8675582736906257,0.8675390295835081,1.2475847328680456,2.3520755151579773,3.854846899675542,6.302099663791891,1.2166374021564137,2.560826055904476,0.02971448821493453,0.8606466763774543,1.0501569773244575,2.268045562019258,0.08724664959415783,0.9016207113033311,1.2452824070453774,2.9479218254474238,-0.016373372451349313,0.8430592405640104
accfit_per_sequence,projected,no_bias,model_world_linear_acc,raw_fd,1,right_forearm,19,,16116,2.586034825682964,2.916457137176087,0.8752811436879196,0.8752586930657902,1.3231710719078422,2.586034825682964,4.339307615197486,6.724915993853312,1.3520503198389555,2.783199358284588,-0.3442169789631233,0.8670028964141784,1.0848831519443836,2.7080981682092795,0.051800008586749574,0.89722885512448,1.4310474632709864,3.230661285610396,0.4200103797112608,0.8648070637028593
accfit_per_sequence,projected,no_bias,model_world_linear_acc,raw_fd,2,left_lower_leg,4,,16116,3.318494428501416,3.620131361651123,0.6432158274824871,0.6431762475213604,1.7796775952256523,3.318494428501416,5.320117287695368,10.988591936476002,1.7608867401966688,3.536288119405687,0.12063390694550068,0.6705219421596351,1.3949969519631507,3.4714758587697587,-0.06018165105269132,0.5954194127244774,1.767905336931014,3.841819220806597,0.10900745581043572,0.655745053337978
accfit_per_sequence,projected,no_bias,model_world_linear_acc,raw_fd,3,right_lower_leg,5,,16116,3.3488420929481713,3.9320288278032502,0.6633737399443674,0.6633515298031116,1.8356828560531644,3.3488420929481713,5.930245251633858,11.145422838368464,1.7406397112033227,3.5738816796926853,-0.012099051427756769,0.6876850134999674,1.4496598114858463,3.990224319802778,0.059964952530414714,0.647816392493107,1.7943095544193168,4.205714175409315,0.13696146680060178,0.6637129197873453
accfit_per_sequence,projected,no_bias,model_world_linear_acc,raw_fd,4,head,15,,16116,1.9737897299619924,2.3114533999530904,0.6169378428505391,0.6168633784530699,1.1123201333992192,1.9737897299619924,3.483188849654963,5.487105430912836,1.0286699737945793,2.0983467188134535,-0.06009659252329328,0.553478018575882,0.8474760579283227,1.842446885857575,-0.0056730795695131364,0.7980588840779355,1.0535879310416498,2.868933770741778,-0.02945497715612238,0.44323055781116766
accfit_per_sequence,projected,no_bias,model_world_linear_acc,savgol15_p3_fd,0,left_forearm,18,,16116,1.5636493320651361,1.710495831868247,0.9380335100622963,0.9380047328142646,0.799126496469345,1.5636493320651361,2.516423799531429,4.538319764706387,0.7587570931813773,1.5023001372622682,0.03445782386839989,0.9468345256354245,0.7992165722424471,2.0780822107603014,0.08564598170070029,0.9150274505729842,0.775543943088669,1.4839328136473329,-0.004100869104615673,0.9546719202519044
accfit_per_sequence,projected,no_bias,model_world_linear_acc,savgol15_p3_fd,1,right_forearm,19,,16116,1.957533603799643,2.2766196265509024,0.9201143586225977,0.9200836805402806,0.9940800866827278,1.957533603799643,3.4230181071658814,5.531993316487679,0.9780109202998722,1.8845676333589148,-0.34029045482839926,0.935962297926634,0.9037432082461553,2.475460177223215,0.049986442322173585,0.9115405234298277,1.0439753717403988,2.4227035555899734,0.43311191978118896,0.9204970983669306
accfit_per_sequence,projected,no_bias,model_world_linear_acc,savgol15_p3_fd,2,left_lower_leg,4,,16116,3.2588196213902147,3.614240215545668,0.6068387246225276,0.6067835606304693,2.0270331965852972,3.2588196213902147,5.344931401079432,11.541145351808737,1.745663237533703,3.658092953397609,0.1258031821439977,0.6177135406903385,1.376654662456309,3.6737376147224734,-0.062412148582399796,0.4872402386880688,1.7469617586406527,3.5085901569546114,0.12393500024987235,0.6780538609182022
accfit_per_sequence,projected,no_bias,model_world_linear_acc,savgol15_p3_fd,3,right_lower_leg,5,,16116,3.481990034005459,4.15752904780959,0.5869629225327728,0.5869482021029159,2.139010355035727,3.481990034005459,6.303244303787394,12.57705746227531,1.7638364263372064,3.743824018973804,-0.003985369788296937,0.6272960762685376,1.5595388123328706,4.560884369544773,0.0573602938998216,0.4840777421275883,1.8462755444059027,4.127621449786615,0.14879833090196037,0.6402889959391361
accfit_per_sequence,projected,no_bias,model_world_linear_acc,savgol15_p3_fd,4,head,15,,16116,1.1061715555202156,0.9774794160768843,0.8838635971164095,0.8837874120219055,0.5888106398861872,1.1061715555202156,1.2817107771724503,3.406721310124855,0.525593012590723,0.8545636274345324,-0.056533864709677174,0.8715535566004554,0.5836115126357271,1.100911177416928,-0.008001333101196956,0.9057381778937775,0.5285600100667742,0.9613082818047639,-0.015651971913576423,0.8537262034290553
accfit_per_sequence,projected,no_bias,model_world_linear_acc,savgol9_p3_fd,0,left_forearm,18,,16116,1.5036110995908099,1.6228081752049293,0.944696698538934,0.9446693503590045,0.7499400594828389,1.5036110995908099,2.3747995245332127,4.159140096694933,0.7653406089755201,1.4546317403046802,0.033909915344496985,0.9508859854076832,0.7209031849537395,1.9071161353387203,0.0861463090176025,0.9288644854019172,0.7527943454869138,1.465426104232055,-0.007091208689791315,0.9564806271742895
accfit_per_sequence,projected,no_bias,model_world_linear_acc,savgol9_p3_fd,1,right_forearm,19,,16116,1.8967720558656223,2.216878452183025,0.9246947710257822,0.9246658256855269,0.923619737142391,1.8967720558656223,3.3385484844985425,5.086938658293926,0.9755457714983634,1.8296740110162744,-0.34152243877410865,0.9403406196636411,0.8167254360358941,2.373901980096378,0.05093924045196595,0.9189620602949014,1.0377816892431049,2.4001109594279866,0.4294623103510329,0.92249952448865
accfit_per_sequence,projected,no_bias,model_world_linear_acc,savgol9_p3_fd,2,left_lower_leg,4,,16116,2.9984651636124715,3.380552251130113,0.6683175722858082,0.6682677354173734,1.7541990290309433,2.9984651636124715,5.02927502036477,10.339116493671957,1.5911936617787967,3.3976119009083314,0.12403904326965343,0.6824819046980136,1.285730728990063,3.445639359052266,-0.06230698499646427,0.5737970743864232,1.596499299316499,3.296695822489329,0.11782389508604682,0.7220341152075878
accfit_per_sequence,projected,no_bias,model_world_linear_acc,savgol9_p3_fd,3,right_lower_leg,5,,16116,3.1271435736333584,3.825016115933789,0.667228794209142,0.6672073848965467,1.8358715306290891,3.1271435736333584,5.840652183732843,11.434254859274278,1.573916218039372,3.405516166898564,-0.007268853565506021,0.7057537863717539,1.434867021603453,4.279224364075603,0.057257224761040226,0.5709921328302252,1.6426462463900025,3.7393774000966924,0.14483664840802857,0.7180321372438054
accfit_per_sequence,projected,no_bias,model_world_linear_acc,savgol9_p3_fd,4,head,15,,16116,1.1712068574912258,1.069864575705528,0.872802212831869,0.8727152055346343,0.6326912510336504,1.1712068574912258,1.4360031782744203,3.5644786950885017,0.5816735871581797,0.9832867492674342,-0.05777901564598186,0.8489280755518332,0.5668499150911435,1.0727536022015807,-0.008222806232535948,0.9148450712372921,0.5870482005876091,1.1472477974384276,-0.02061587924655036,0.816027047851459
accfit_per_sequence,projected,no_bias,sensor_specific_force,raw_fd,0,left_forearm,18,,16116,2.3520754597984768,2.607176260750467,0.9340026598698548,0.9409170743350166,1.1110283972029367,2.3520754597984768,3.854846974300815,6.302098921412247,1.021024652083628,2.602308783629902,0.19030170636605234,0.9095107076735202,1.2693619681481165,2.6509593496403294,-0.08007180019731747,0.8477519515801151,1.2202444085458384,2.5675879118463576,0.21495221630716954,0.848150602283231
accfit_per_sequence,projected,no_bias,sensor_specific_force,raw_fd,1,right_forearm,19,,16116,2.5860345918884087,2.916457149220594,0.9357875312507385,0.9355372696720804,1.1022296711483413,2.5860345918884087,4.33930777881407,6.724915048757369,1.1858747142179327,2.7675663805199435,0.40770974501586593,0.9266205765532654,1.2993334624304549,2.9566121274009474,-0.07910857126219473,0.8396021921444146,1.3948452305733339,3.019302563050137,0.44600674747168195,0.8418687200453017
accfit_per_sequence,projected,no_bias,sensor_specific_force,raw_fd,2,left_lower_leg,4,,16116,3.3184942021904527,3.620131259918566,0.857379537780468,0.8709154938647999,1.5019661671571753,3.3184942021904527,5.320117221184803,10.988591495723183,1.2485503781017435,3.2302601572914984,-0.031575354577286496,0.7135127538023546,1.8634191994963933,3.729889673107011,-0.1664527470276349,0.560432178647883,1.7931149718972024,3.8690300282866157,0.25008899628534476,0.6431723721413443
accfit_per_sequence,projected,no_bias,sensor_specific_force,raw_fd,3,right_lower_leg,5,,16116,3.3488420083742128,3.9320287055357026,0.8079521673936323,0.8589273523405667,1.5957130702767508,3.3488420083742128,5.930245056186,11.145422071278599,1.4400222508941203,4.13094900846669,-0.09084666968108619,0.6832082936054359,1.7857291683846506,3.6702223978343946,-0.05508731030327131,0.6073194685688348,1.7636264338275782,3.9808638589322722,0.2117197144379867,0.6693542526579451
accfit_per_sequence,projected,no_bias,sensor_specific_force,raw_fd,4,head,15,,16116,1.9737897724292102,2.3114534162600506,0.9268285844199,0.9318471024117133,0.9406727416483667,1.9737897724292102,3.483188858054444,5.487105726784375,1.035506212688818,2.8903549106378796,-0.0071506702127693165,0.725777576161965,1.053148758050056,2.198853427810396,-0.04334947198784923,0.7721054583132194,0.8482352363316795,1.6850349492454866,0.05542786702065023,0.877225673045925
accfit_per_sequence,projected,no_bias,sensor_specific_force,savgol15_p3_fd,0,left_forearm,18,,16116,1.5636492873468062,1.7104957100306466,0.9699354984429205,0.9734542622869345,0.7957227523702323,1.5636492873468062,2.5164235788673506,4.538317872035815,0.7912951847582271,1.97394556066423,-0.022200685067272904,0.9441084518803441,0.8277657807412158,1.6976017963583638,0.0591884338581328,0.9300419952694442,0.7121774841558682,1.4138860585756448,0.08516209678604915,0.9444781227361648
accfit_per_sequence,projected,no_bias,sensor_specific_force,savgol15_p3_fd,1,right_forearm,19,,16116,1.9575335058886507,2.276619489675088,0.9595563072113346,0.9596171106793284,0.8727615621634093,1.9575335058886507,3.423017890053843,5.531993832557292,0.920678378003783,2.4893573433896394,0.20519559349434993,0.9374759777334823,0.9866196387856344,2.061855587676127,-0.07482700156990676,0.9123427994674315,1.0279354801240883,2.2585040302789334,0.3316985894193547,0.8993756326736246
accfit_per_sequence,projected,no_bias,sensor_specific_force,savgol15_p3_fd,2,left_lower_leg,4,,16116,3.258819205397911,3.61423991053907,0.8541382180714392,0.868289847008499,1.5421466824426129,3.258819205397911,5.344931035975124,11.541144965999385,1.2416092842699071,3.563382282313326,-0.07288271430171342,0.6095357626947217,1.887054061324837,3.759435666388506,-0.1778069682694456,0.46803968743906194,1.6983971160401918,3.5152724749557995,0.26976236291682787,0.6876840713477741
accfit_per_sequence,projected,no_bias,sensor_specific_force,savgol15_p3_fd,3,right_lower_leg,5,,16116,3.481989806992768,4.157528796229172,0.7753434164852827,0.8374615096921431,1.744041597933465,3.481989806992768,6.303243931375559,12.577057123755102,1.5702010943243778,4.634237795397114,-0.05740274857113949,0.5612241995673736,1.8890576685765066,4.009771186499643,-0.043311389143474106,0.439882504375806,1.69913559203505,3.781628242180145,0.2867512378639786,0.6822753608040121
accfit_per_sequence,projected,no_bias,sensor_specific_force,savgol15_p3_fd,4,head,15,,16116,1.1061715944623833,0.9774793956695506,0.9857455970091504,0.9867820271632264,0.592942849306861,1.1061715944623833,1.2817106968735488,3.406722830896985,0.5122617211967276,0.8851886434810742,-0.03309267243875971,0.9647106677536526,0.5549230822545462,0.9834675916772376,-0.03797221732693364,0.9439284483829851,0.5613835705324595,1.0562340973705777,-0.013610293036793699,0.942035641505843
accfit_per_sequence,projected,no_bias,sensor_specific_force,savgol9_p3_fd,0,left_forearm,18,,16116,1.5036110926101873,1.6228081191174122,0.9731459221582119,0.9762402747618028,0.7044179504362216,1.5036110926101873,2.374799413971584,4.15913213515712,0.6904394799826326,1.801751647567597,-0.0031090509507053395,0.9537055034200302,0.8211459701997444,1.6668773558982137,0.029131581624568786,0.9334590276484844,0.7372183849829727,1.3695727272771636,0.11028180345463898,0.9490870564665564
accfit_per_sequence,projected,no_bias,sensor_specific_force,savgol9_p3_fd,1,right_forearm,19,,16116,1.8967719546365334,2.216878331075014,0.9618668880125729,0.96183824783598,0.7702279939410257,1.8967719546365334,3.338548300755004,5.0869330387965785,0.8365990533216624,2.373908469450424,0.24596020443705574,0.9437924956961534,0.958473555495528,1.9855604599539158,-0.060086201123783635,0.919917434913735,1.0484793775870267,2.2728301394756625,0.34819443305409153,0.8994874317675827
accfit_per_sequence,projected,no_bias,sensor_specific_force,savgol9_p3_fd,2,left_lower_leg,4,,16116,2.998464768225827,3.3805519720527686,0.8736607076949695,0.8858001258651915,1.4036889360015221,2.998464768225827,5.029274693328853,10.339115883577483,1.1387474493503955,3.381740811354413,-0.06019970553152293,0.6588882055528433,1.7154237773142533,3.436409880362257,-0.17506900485068308,0.5887476790220468,1.5870420563327674,3.322545880227728,0.21696440037380377,0.7259619241406898
accfit_per_sequence,projected,no_bias,sensor_specific_force,savgol9_p3_fd,3,right_lower_leg,5,,16116,3.1271433741282477,3.8250158800480607,0.8138493398089931,0.8644115157409902,1.5571350731591418,3.1271433741282477,5.840651827108455,11.434254326607498,1.394259752743498,4.292814155107116,-0.07531357251554356,0.6423124516061078,1.6823960015479018,3.62839809645722,-0.03702795745333777,0.5796441534605925,1.5591165161292109,3.5069521427012833,0.2105055121152653,0.733800574224647
accfit_per_sequence,projected,no_bias,sensor_specific_force,savgol9_p3_fd,4,head,15,,16116,1.17120692377351,1.0698645862953302,0.9831235810934832,0.984322727466644,0.5862022011324565,1.17120692377351,1.436003147883606,3.564478325420168,0.5662068398721607,1.0963703313537634,-0.036447518762913474,0.9472350807459843,0.6058849693844892,1.0617656542146268,-0.0384516668681517,0.9374809710319106,0.5611749562251893,1.0509312494564331,-0.012142571729112515,0.9446152726411624
old_footlock_rjs,baseline,baseline,model_world_linear_acc,raw_fd,0,left_forearm,18,,16116,5.546930691673386,6.887388261551294,0.3878866035484488,0.3878805362814284,2.808148409101118,5.546930691673386,10.561245717141302,20.70040811689455,2.8996746208166,7.346822951600864,0.030533375513695272,0.2816658535717214,2.2850869833964453,5.729792597552465,0.08687782028704312,0.5221504405889813,3.091245598177992,7.449967818918913,-0.017382699624767267,0.3707701478813125
old_footlock_rjs,baseline,baseline,model_world_linear_acc,raw_fd,1,right_forearm,19,,16116,5.05569612063189,5.328756256940015,0.5389418045027699,0.5389326585320979,2.533986095434335,5.05569612063189,7.721843463413368,16.53634825790914,2.4478136249301277,5.006340356492939,-0.3447813177398078,0.49774764577238517,2.315286573149277,5.058128541475509,0.05162546198031955,0.6080466740225345,2.7422853004871333,5.8769738497370465,0.41981071929606156,0.5066401222188391
old_footlock_rjs,baseline,baseline,model_world_linear_acc,raw_fd,2,left_lower_leg,4,,16116,3.5794390933815277,3.8102033305631178,0.6171347810859197,0.6170972910619698,1.8968530887111281,3.5794390933815277,5.544417375836244,11.812429971745988,1.9120939775607804,3.8157497237100677,0.12030265776498983,0.6287020227332849,1.454965551087684,3.5528586043867314,-0.06028383348916594,0.57841238839406,1.9477697488013679,4.046010138883062,0.1088848108749122,0.6376268569682252
old_footlock_rjs,baseline,baseline,model_world_linear_acc,raw_fd,3,right_lower_leg,5,,16116,4.0626448994040505,4.463078309762548,0.5724440632350631,0.5724331382214641,2.1165966696780716,4.0626448994040505,6.57663442944528,14.048167132567041,2.1301591669459063,4.2116167070865185,-0.011920204813693613,0.5863090030423423,1.719613216878404,4.353016770390844,0.059229244795884706,0.5751889749947088,2.200890735894133,4.803200360853643,0.1354402960783167,0.5660410159091568
old_footlock_rjs,baseline,baseline,model_world_linear_acc,raw_fd,4,head,15,,16116,2.698800195995103,2.6557685845635084,0.4712129202381267,0.47115181832687547,1.3926744588464035,2.698800195995103,3.725023198096916,7.429940488471779,1.4443634666120089,2.5546621205041427,-0.058936979085340825,0.302594317405693,1.0146618510230536,1.9270276405813125,-0.005870521519787112,0.7725988332382816,1.5374114088580977,3.3044797240655432,-0.028360996543288556,0.20913718039235094
old_footlock_rjs,baseline,baseline,model_world_linear_acc,savgol15_p3_fd,0,left_forearm,18,,16116,3.704991942486911,4.040847231672445,0.6366802986807418,0.6366593170212065,1.7501366854975227,3.704991942486911,5.9378761990506055,13.821703156449272,1.897135799304557,4.422515881863939,0.03609028482242409,0.528077261623326,1.6444784848957508,3.4440717852444642,0.08493287749283365,0.7492243727870324,1.9923563484452917,4.191069298149199,-0.0024388728669797644,0.627502504012112
old_footlock_rjs,baseline,baseline,model_world_linear_acc,savgol15_p3_fd,1,right_forearm,19,,16116,3.9065966485963557,4.1596271045293225,0.6999240435570061,0.6999030284947001,2.264834429811898,3.9065966485963557,6.053593608046437,13.64358921350444,1.8572098687533858,3.862638774283357,-0.34116844676937064,0.6825880517817778,1.8820918209353343,4.075669111619665,0.04909856271643176,0.7394470438585853,2.0804304527267896,4.514026577037081,0.4329240249023054,0.6763573488134118
old_footlock_rjs,baseline,baseline,model_world_linear_acc,savgol15_p3_fd,2,left_lower_leg,4,,16116,3.4086854402263826,3.6855575894520127,0.5854043110773575,0.5853536764831893,2.025239587631226,3.4086854402263826,5.397301900495345,11.905596104976595,1.8222988982926813,3.7457125998067275,0.1252797073183605,0.5913868771711938,1.4357373379808882,3.712455024156766,-0.062422165121503136,0.47163633303266755,1.8424771477359208,3.5968484884359953,0.12287103640078319,0.6561558136532978
old_footlock_rjs,baseline,baseline,model_world_linear_acc,savgol15_p3_fd,3,right_lower_leg,5,,16116,3.786226341009518,4.3323886508149325,0.5377254539182662,0.5377193435207162,2.21595870916578,3.786226341009518,6.478677670618887,13.542307281868318,1.9222554082032313,3.9482646256352116,-0.0048160140875211,0.5707559440354057,1.6979706091216848,4.683515696657723,0.055884339934278285,0.4436647229381735,2.0200180473720546,4.334127528147787,0.1486780960226076,0.5903640108493228
old_footlock_rjs,baseline,baseline,model_world_linear_acc,savgol15_p3_fd,4,head,15,,16116,1.7472248558244903,1.4463896805439265,0.7282223272075022,0.7281562674942977,0.8662371552423284,1.7472248558244903,1.795364761584947,4.933867007683071,0.8733671410749827,1.4219722369493453,-0.0555169620132721,0.5874396807753453,0.7489689218504948,1.302956964438123,-0.007135368649681143,0.8660113874690732,0.9606004232713168,1.5988831821366287,-0.017157715890666603,0.5365692223726044
old_footlock_rjs,baseline,baseline,model_world_linear_acc,savgol9_p3_fd,0,left_forearm,18,,16116,4.141144674263827,4.683966948163064,0.5681424317585662,0.5681270812395233,1.9097133253236165,4.141144674263827,6.976357208548627,15.79511367816988,2.141511122896975,5.103485176776607,0.03575686244125304,0.4569530156908473,1.8050213915208753,4.092521687960913,0.08496091140355091,0.6748850277834733,2.2501781210793355,4.798368931047617,-0.008735443869932514,0.5665488799783174
old_footlock_rjs,baseline,baseline,model_world_linear_acc,savgol9_p3_fd,1,right_forearm,19,,16116,4.166401764614253,4.48664289587548,0.6408644655207438,0.640848394451069,2.2165048360905737,4.166401764614253,6.559801045851085,14.487057843925367,1.968581653921524,4.130354811519935,-0.34263425327252184,0.6258535552553282,1.9974103759864212,4.467797515220245,0.04983611588710057,0.673704162559497,2.227381717294966,4.8341336265431964,0.42856443752092027,0.6217313690986386
old_footlock_rjs,baseline,baseline,model_world_linear_acc,savgol9_p3_fd,2,left_lower_leg,4,,16116,3.221193318920678,3.4905673597491806,0.6416697831913968,0.641623235540766,1.8330150479269198,3.221193318920678,5.11625791775394,10.92282181453765,1.7083136810303141,3.537343205158499,0.12349874226471881,0.6486265133352346,1.3617185823939284,3.4910123807181623,-0.06240915898561892,0.5591811719321425,1.7391729085751482,3.442704908270617,0.11757929915503096,0.6937031453686577
old_footlock_rjs,baseline,baseline,model_world_linear_acc,savgol9_p3_fd,3,right_lower_leg,5,,16116,3.630838790585521,4.169763064575295,0.5875905752802139,0.5875836371966174,1.9988623970811172,3.630838790585521,6.24321885895958,13.259584860982265,1.8408999237843662,3.821348788464282,-0.0077515541840868,0.6123385679916409,1.6455074930108193,4.499839112991609,0.055750552197785616,0.5100504670146542,1.9273847928127381,4.160470338577423,0.14240160700974888,0.6344252304554456
old_footlock_rjs,baseline,baseline,model_world_linear_acc,savgol9_p3_fd,4,head,15,,16116,1.9686977265789678,1.6450634323840299,0.676435388886316,0.676365182487906,0.9299894100906875,1.9686977265789678,2.059837457437887,5.510014806008644,1.0233901906259542,1.6594592986938812,-0.05552868427533414,0.49335018611970377,0.7854373102065025,1.341225099855751,-0.007852324719877568,0.8660512306950372,1.10774014498063,1.8883885080133058,-0.020998949099486505,0.426778759088406
old_footlock_rjs,baseline,baseline,sensor_specific_force,raw_fd,0,left_forearm,18,,16116,5.546930821432791,6.887388523685095,0.6463646198986088,0.6687781086080075,2.5662065091022526,5.546930821432791,10.561246161831777,20.700407561267635,2.261054084005103,5.037623955742224,0.6119282879650761,0.6710771659823623,3.754424079171365,9.290635255300053,-0.27758887676341487,0.1960325055480669,2.1105321544828715,5.53306456333877,1.192772004272235,0.46504654844084886
old_footlock_rjs,baseline,baseline,sensor_specific_force,raw_fd,1,right_forearm,19,,16116,5.055695882463104,5.328756233492739,0.7767916873055358,0.7735990791587617,2.2190301782958146,5.055695882463104,7.721843570806701,16.536346504605994,2.352789651423619,5.108749915251582,1.3312572412892167,0.7437928976502494,2.8793115426534386,5.804300693229693,-0.3902531472940749,0.3935991160765612,2.360066428263497,5.039612758333067,1.1918322304617504,0.5509803202988318
old_footlock_rjs,baseline,baseline,sensor_specific_force,raw_fd,2,left_lower_leg,4,,16116,3.579438945143972,3.810203266367072,0.843434105039793,0.858412137304225,1.6005014221611331,3.579438945143972,5.544417339188088,11.812425897347657,1.3145536890734342,3.2762057922459085,0.13209364331846551,0.7036541011357579,1.92219378347824,3.908074583730272,-0.15628292760861104,0.5211232685644307,2.0449837759799356,4.1888393915210855,0.26303626694232246,0.5943351959253482
old_footlock_rjs,baseline,baseline,sensor_specific_force,raw_fd,3,right_lower_leg,5,,16116,4.062644834223475,4.463078213891559,0.7563423500746189,0.819244179342383,1.8928489461322129,4.062644834223475,6.5766342745280975,14.048166995441704,1.7467935120990503,4.526960109996213,-0.014677915620470583,0.6208552295334444,2.0831686210032974,4.254929540971286,-0.054160866430930425,0.4658870709379406,2.2162065602628753,4.5999356727908,0.40823620603460675,0.6012259177911345
old_footlock_rjs,baseline,baseline,sensor_specific_force,raw_fd,4,head,15,,16116,2.6988002403218765,2.655768605470417,0.9024537758628772,0.9094194377769375,1.1444415198029716,2.6988002403218765,3.7250232106988856,7.429940373620304,1.5044173580399753,3.136802160959026,-0.02566561768401263,0.643680270539216,1.4823609384080196,2.6826008791910625,-0.03683807606758253,0.6261308852013573,1.0163792517558263,2.0306268449355676,0.18604036240612398,0.8268753900819177
old_footlock_rjs,baseline,baseline,sensor_specific_force,savgol15_p3_fd,0,left_forearm,18,,16116,3.7049918384923624,4.040847162838862,0.8347886723738476,0.8494000566532444,1.668360947254956,3.7049918384923624,5.937876123410931,13.821699316844905,1.785244798712785,3.9315796459842214,0.6340899527240841,0.7660687717037142,2.21495354407065,4.5489441223197415,-0.2874183309479657,0.5506334542829675,1.4898385738104896,3.5826144419353736,1.119703565050468,0.6651650000119509
old_footlock_rjs,baseline,baseline,sensor_specific_force,savgol15_p3_fd,1,right_forearm,19,,16116,3.9065961499472817,4.1596268023839,0.8614934092743673,0.857865981913088,1.8953615979083367,3.9065961499472817,6.053593306999456,13.643588731081675,2.0284230777616394,4.6943640397244435,1.336296433940763,0.7755834414158341,2.077906636608517,3.9322767776553036,-0.3356957149486484,0.6363759966634468,1.7635456730578405,3.7957385331166247,1.1459579430628437,0.7033041890341528
old_footlock_rjs,baseline,baseline,sensor_specific_force,savgol15_p3_fd,2,left_lower_leg,4,,16116,3.408685102256927,3.685557303758413,0.8477946018761379,0.8625353252132971,1.5715150848308643,3.408685102256927,5.39730152868196,11.905597600832705,1.3158685092434133,3.611855951395076,0.1240111067732202,0.5957182853733027,1.892347001828448,3.7622496277245365,-0.1565395682238046,0.4656993512920697,1.8505102800835593,3.6810286935745964,0.31293583851523527,0.6496295275362084
old_footlock_rjs,baseline,baseline,sensor_specific_force,savgol15_p3_fd,3,right_lower_leg,5,,16116,3.7862261041212952,4.332388400760119,0.7540052518500457,0.8221516534287764,1.8796097173823259,3.7862261041212952,6.47867730741337,13.542307366209332,1.7479810537119798,4.814176647935447,-0.026861339753004802,0.5174115421066379,1.9704329222713737,4.126123451570452,-0.044304739943265725,0.3894007470195368,1.9132851529889916,4.013424501594098,0.4612956261960331,0.63380652127783
old_footlock_rjs,baseline,baseline,sensor_specific_force,savgol15_p3_fd,4,head,15,,16116,1.7472248313342502,1.446389634614469,0.9685193017917249,0.9708699172791062,0.7803018684773556,1.7472248313342502,1.7953646744128422,4.933866891860744,0.9440864017358563,1.5286791376972797,-0.015616107393522378,0.8903030309027358,0.8978801013978042,1.5314032364695984,-0.03306397350859331,0.8544561688235611,0.727969599226915,1.2625660959569887,0.18328818715083628,0.9178820771267406
old_footlock_rjs,baseline,baseline,sensor_specific_force,savgol9_p3_fd,0,left_forearm,18,,16116,4.1411446540878964,4.683967009209033,0.7914119410603802,0.8081493393026629,1.8178096581287075,4.1411446540878964,6.976357343484855,15.795114421826383,1.864104654212063,4.113989451284422,0.6226330569592592,0.751358708675411,2.635526317426949,5.793610691281758,-0.2830756989105268,0.4276989141437268,1.6087950277359548,3.9150743010397684,1.165105171955946,0.6216773306713146
old_footlock_rjs,baseline,baseline,sensor_specific_force,savgol9_p3_fd,1,right_forearm,19,,16116,4.166401309100395,4.486642654716058,0.8365064147000035,0.8330378515119784,1.9029556334183133,4.166401309100395,6.55980084033648,14.487058305974504,2.063855090441485,4.798377843410708,1.3308611693025523,0.765971343943947,2.301648357445556,4.524441062997488,-0.37173069152005656,0.5397805532742529,1.8968807979449216,4.110339410885678,1.1765360484534013,0.6534914047334366
old_footlock_rjs,baseline,baseline,sensor_specific_force,savgol9_p3_fd,2,left_lower_leg,4,,16116,3.22119301358945,3.4905670966798117,0.864717990486481,0.8777303241495371,1.4758823515965322,3.22119301358945,5.11625757155303,10.92282005000876,1.221581277660168,3.425775756731812,0.12787259118089425,0.6484150779759499,1.7441690703838855,3.4920082664346355,-0.1585445935539845,0.5698360402060881,1.807913897384366,3.5527615598308793,0.29171402630601106,0.6780575280015817
old_footlock_rjs,baseline,baseline,sensor_specific_force,savgol9_p3_fd,3,right_lower_leg,5,,16116,3.6308385866934736,4.169762833592964,0.7757731266276747,0.8368893302929705,1.7711630653475732,3.6308385866934736,6.24321851472599,13.259580307392856,1.6480019518563143,4.58276108676444,-0.01746939316759091,0.5813518881912348,1.874375746396684,3.9761775816212506,-0.05074530105126723,0.4654359966604845,1.8824629959942571,3.9177900564335832,0.43984456853814563,0.6621967219446888
old_footlock_rjs,baseline,baseline,sensor_specific_force,savgol9_p3_fd,4,head,15,,16116,1.9686977216589823,1.6450634064908525,0.9595824913839525,0.9626205342994777,0.8334983360076889,1.9686977216589823,2.0598374001023956,5.5100132456392465,1.095077395157419,1.816500138084003,-0.018530311112158953,0.8438990516481152,1.0508533343951254,1.776319494082232,-0.03331000334876997,0.8014750594846421,0.7573514777868704,1.2898515951108893,0.18387121335556142,0.917028397551874
vertex_baseline,baseline,baseline,model_world_linear_acc,raw_fd,0,left_forearm,18,1961,16116,2.2878931431957223,2.8810432243895283,0.8475782613360174,0.8475593836630327,1.1973548350694818,2.2878931431957223,4.4347237961028,6.245074242804577,1.2067239322630492,3.1761966093681484,0.029949535465491606,0.8070186098882796,1.0018993367825408,2.261737851512036,0.08721661676793041,0.9044442763878159,1.2110251098560096,3.1140884977916783,-0.01665719214560532,0.833203088595574
vertex_baseline,baseline,baseline,model_world_linear_acc,raw_fd,1,right_forearm,19,5424,16116,2.577382587818567,3.0755311488227797,0.8703055319418822,0.8702826975703268,1.2797235472980555,2.577382587818567,4.661949649894041,6.73472556864721,1.3466124337420355,2.921005914130416,-0.3442508506718778,0.863577332525662,1.0924289119793955,2.9103357774702276,0.05213487978962699,0.8871745049710762,1.426135850754643,3.3725873827270068,0.420124674596278,0.8636753258917166
vertex_baseline,baseline,baseline,model_world_linear_acc,raw_fd,2,left_lower_leg,4,1176,16116,3.7262379289104937,3.918604845677578,0.5825891826429588,0.5825543096843416,1.9784048995755072,3.7262379289104937,5.672877815258515,12.03677755395104,1.9574184064262958,3.8988737706035734,0.12121873197839687,0.6026379013186787,1.5254179728729431,3.683993551464144,-0.06007500610123145,0.5437402367736011,2.0394611495313995,4.158529384695202,0.10926104496762741,0.5940352563578097
vertex_baseline,baseline,baseline,model_world_linear_acc,raw_fd,3,right_lower_leg,5,4662,16116,3.6442897283485416,4.112416475108075,0.6275821846226289,0.6275702600723685,1.9965209322889246,3.6442897283485416,6.120053935225922,11.953877515011055,1.8591109105258359,3.7291655242467954,-0.011496053579059742,0.6551212759039532,1.5923428008946334,4.207833345303558,0.058612586413994416,0.6013358369010615,1.9644488980119863,4.373027649711533,0.1325539513919886,0.6332316091572525
vertex_baseline,baseline,baseline,model_world_linear_acc,raw_fd,4,head,15,411,16116,1.9462860241784286,2.369861156519222,0.6386685757749708,0.638593621420493,1.1194209475244732,1.9462860241784286,3.613958552006871,5.459103000884207,1.0039135149972085,2.103789336284991,-0.060455066906146104,0.6089626437095378,0.8456562706601031,1.96303072264919,-0.005614907622011876,0.7855211134092441,1.0369628300369305,2.9273377861129775,-0.029648071996817727,0.49621101589606037
vertex_baseline,baseline,baseline,model_world_linear_acc,savgol15_p3_fd,0,left_forearm,18,1961,16116,1.5905962191817096,1.7416933403284403,0.9367551555073058,0.9367260685711729,0.843338290768574,1.5905962191817096,2.5632968503000533,4.6807545778818636,0.7725551992118059,1.5564653086205906,0.034647495238968935,0.9436869639764555,0.8074619238461398,2.089496774148644,0.08553547964481159,0.9159058587115417,0.7916562983038177,1.520495330185641,-0.0035777831932409143,0.9528421120105118
vertex_baseline,baseline,baseline,model_world_linear_acc,savgol15_p3_fd,1,right_forearm,19,5424,16116,1.973636788325235,2.30332378467222,0.9182128309296477,0.9181823802505537,0.9855515640422512,1.973636788325235,3.4670822313408616,5.701209635502487,0.9778636979038803,1.8956538147714412,-0.3404941050273122,0.9349004902508056,0.9038861654435187,2.4915025522626983,0.049926028040575325,0.9107022242639431,1.0630741628026972,2.472814796486227,0.4331393853418453,0.9168397377778305
vertex_baseline,baseline,baseline,model_world_linear_acc,savgol15_p3_fd,2,left_lower_leg,4,1176,16116,3.5124915592173425,3.749928053258212,0.5650381689035522,0.5649842401950467,2.124860509714536,3.5124915592173425,5.46335833167345,12.18818825923777,1.86660921323489,3.7881695619287505,0.12614232540130846,0.5785976457223311,1.4705922462029504,3.7643437459296663,-0.0621289523134873,0.4521767228243441,1.9068274923438044,3.696669953673918,0.12490151879029429,0.6309046436612916
vertex_baseline,baseline,baseline,model_world_linear_acc,savgol15_p3_fd,3,right_lower_leg,5,4662,16116,3.6119111287951204,4.217230047007899,0.5701412966780052,0.5701377749742709,2.204022539374848,3.6119111287951204,6.3489515517008535,12.93912220337096,1.8223592160448416,3.808219271540112,-0.004797927004020023,0.6095454671267622,1.6206102914004208,4.614374418754769,0.05601396829030389,0.46584122127589117,1.9235040293986818,4.190477599459374,0.14489540063687545,0.6254958762041763
vertex_baseline,baseline,baseline,model_world_linear_acc,savgol15_p3_fd,4,head,15,411,16116,1.1719024536622955,1.0164048650751585,0.8739415294032304,0.8738672791530429,0.6173120841626375,1.1719024536622955,1.3137279734959004,3.51726573807529,0.5568883577982064,0.8931186191899099,-0.056269844100622426,0.8578117561903627,0.619683621847458,1.136850311412731,-0.007773595596031446,0.8993095931600916,0.5624227646815034,1.004563114364866,-0.015534323136019157,0.8389168599066487
vertex_baseline,baseline,baseline,model_world_linear_acc,savgol9_p3_fd,0,left_forearm,18,1961,16116,1.5389337632160334,1.6517989842553784,0.9423884599269272,0.9423611959634274,0.7812494688371173,1.5389337632160334,2.411846289794405,4.296641100006652,0.7791521481316205,1.5025554339143183,0.03419300975182322,0.9467872395258058,0.7410260287263623,1.928598727910624,0.08608686554786091,0.9276843905337175,0.7749369624743484,1.4859857899311744,-0.0072169577056571165,0.9544730616325376
vertex_baseline,baseline,baseline,model_world_linear_acc,savgol9_p3_fd,1,right_forearm,19,5424,16116,1.926772188713047,2.2542375571307267,0.9220038238826276,0.921975185069439,0.9090165757561286,1.926772188713047,3.3959254739670097,5.289020311291904,0.9839669962099932,1.8512444957020688,-0.3417243045868228,0.9385256314226089,0.8289690593060314,2.4064947751369745,0.05087017921697243,0.9166145034959943,1.0630327594744702,2.454880364968394,0.4293153992263805,0.918816731940971
vertex_baseline,baseline,baseline,model_world_linear_acc,savgol9_p3_fd,2,left_lower_leg,4,1176,16116,3.3345969762502743,3.5890782470864377,0.6151589850212521,0.615112316671162,1.8833506143030159,3.3345969762502743,5.246418873585076,11.534712815017475,1.745769530542199,3.61033272334122,0.12491616193367158,0.6301838762716546,1.427057754611756,3.60968858783318,-0.062109613173000275,0.5204637947379224,1.8002078444431135,3.546842809706351,0.11802739475755038,0.668380796618726
vertex_baseline,baseline,baseline,model_world_linear_acc,savgol9_p3_fd,3,right_lower_leg,5,4662,16116,3.3455344041201918,3.9564231968270347,0.6371193327082018,0.6371115184043654,1.9356726839040403,3.3455344041201918,5.980572973220987,12.141936751379278,1.6718637139879589,3.537865262682066,-0.007705625844194738,0.6762582202163554,1.5511343652134233,4.403422707472855,0.0552760099034713,0.5356683846732846,1.7582622745533636,3.8798494016640825,0.14002845587278676,0.6912992231038546
vertex_baseline,baseline,baseline,model_world_linear_acc,savgol9_p3_fd,4,head,15,411,16116,1.2574820188638796,1.1182983299921347,0.8616844098417046,0.8615981593789365,0.6672215295464305,1.2574820188638796,1.473265908389797,3.77375079512876,0.6156673552171674,1.025485945338395,-0.05779138417488838,0.8348612930818761,0.623583612639016,1.1293803512764542,-0.00831856293019881,0.9062870808723581,0.6301992286607386,1.193587894817002,-0.020579451619496963,0.801878992177768
vertex_baseline,baseline,baseline,sensor_specific_force,raw_fd,0,left_forearm,18,1961,16116,2.2878931010998067,2.8810433084374503,0.9217988155177737,0.9298752865425438,1.0895622328017731,2.2878931010998067,4.434723981626877,6.245075525608748,0.9587279243544867,2.534675618293695,0.060236745126040124,0.9131948762757975,1.2328104257827606,2.776924006560489,-0.02762438468891086,0.8357673297506192,1.2204271073710729,3.2810583973913263,0.2242517387800472,0.7845650421747231
vertex_baseline,baseline,baseline,sensor_specific_force,raw_fd,1,right_forearm,19,5424,16116,2.5773826293290183,3.0755312868092872,0.9309499820735578,0.9308900582693544,1.104787890285896,2.5773826293290183,4.661949900037687,6.7347252192924305,1.1347844908254892,2.7141843072265437,0.21398855834400243,0.9302118724117368,1.2756904510194513,3.002061363097824,-0.06261248402624436,0.8403672997648015,1.4432699260202857,3.4637420814819295,0.4620832244639885,0.811702138701467
vertex_baseline,baseline,baseline,sensor_specific_force,raw_fd,2,left_lower_leg,4,1176,16116,3.726237710829462,3.918604774957322,0.8334793956665408,0.8487606388212767,1.6330396788176837,3.726237710829462,5.672877811952887,12.03677733580328,1.3958384427020651,3.426205892821048,-0.32474271089922,0.6884394380237164,2.013438870784365,3.917703519204551,-0.24834559798336192,0.5171419802805873,2.0999432595986134,4.35650117210653,0.34186591582001086,0.5929004615235285
vertex_baseline,baseline,baseline,sensor_specific_force,raw_fd,3,right_lower_leg,5,4662,16116,3.644289626646948,4.112416363122941,0.7896701810489636,0.845048038420045,1.7427500747622744,3.644289626646948,6.120053770038085,11.953878672527704,1.6076100430111702,4.311478599687463,0.07756154862091777,0.6563777135051417,1.8664753211432288,3.74558813230451,-0.15018700972098853,0.581013642697423,1.9658769236220095,4.256480571859877,0.3493476657452367,0.6394730484988519
vertex_baseline,baseline,baseline,sensor_specific_force,raw_fd,4,head,15,411,16116,1.9462861095562816,2.369861174907267,0.9248152748855767,0.9298413847945813,0.9328919768204437,1.9462861095562816,3.6139585422008964,5.459104109913101,0.9833070934489075,2.9958991537565476,0.020144093299934367,0.7311589381883054,1.0292914852754822,2.203319617427611,-0.040454066509441264,0.7947962034899159,0.886154059066418,1.7374397511793043,0.012043425281314591,0.8745690157816506
vertex_baseline,baseline,baseline,sensor_specific_force,savgol15_p3_fd,0,left_forearm,18,1961,16116,1.5905960522098939,1.7416931277770948,0.9688868716844529,0.972534235952837,0.8191264060364206,1.5905960522098939,2.563296520641375,4.680754664869564,0.7839406624776869,1.99978048106805,0.0803593918224614,0.9441057763650751,0.8504686697096857,1.7319080813949785,-0.054091854430241594,0.927057343036264,0.7343571344356163,1.4497783551894694,0.2308113977334055,0.9426884326504077
vertex_baseline,baseline,baseline,sensor_specific_force,savgol15_p3_fd,1,right_forearm,19,5424,16116,1.9736366353217196,2.3033236090313753,0.9587687462000712,0.9586278324427452,0.8569364089983411,1.9736366353217196,3.467081968382046,5.701211745178702,0.9132999754904334,2.5075069421079244,0.24557567167780625,0.9367827917325019,0.9783662425812286,2.065109968686066,-0.04068862103577721,0.9114733061263478,1.0616466209031508,2.315950927001253,0.4764046189222786,0.8949915274779443
vertex_baseline,baseline,baseline,sensor_specific_force,savgol15_p3_fd,2,left_lower_leg,4,1176,16116,3.5124911339960456,3.7499277651360514,0.8418525594325202,0.8572872629271503,1.643261368301563,3.5124911339960456,5.463358011773889,12.188185429473348,1.3644598259707414,3.649240936488382,-0.31189812392500993,0.5935008072949528,1.9765927747634828,3.866457261442198,-0.23777828649668245,0.4285719437022263,1.8715378980353097,3.730874369918272,0.39083602133415757,0.6454013584512297
vertex_baseline,baseline,baseline,sensor_specific_force,savgol15_p3_fd,3,right_lower_leg,5,4662,16116,3.611910844534946,4.217229786964579,0.7681904494092562,0.8322829488942038,1.8323732627625349,3.611910844534946,6.348951195222311,12.939118194960498,1.6475854589345402,4.694095240587542,0.06241389395713874,0.5477740998454699,1.9278994571833155,4.059205076962934,-0.11552194323938929,0.4196152112530315,1.7842561391108445,3.852714010101927,0.4222126419079887,0.6681998376161026
vertex_baseline,baseline,baseline,sensor_specific_force,savgol15_p3_fd,4,head,15,411,16116,1.1719024837161756,1.0164048435801742,0.98455534830395,0.9857026478604107,0.6264932902989114,1.1719024837161756,1.3137278967958221,3.5172653127356392,0.5320141175756564,0.9136710599382271,0.031287314049267385,0.9622670636003403,0.598649782164531,1.0416457980347082,-0.0352094428145801,0.936693926121813,0.6006810577687655,1.086009044081912,0.018089503668478422,0.9390144566089526
vertex_baseline,baseline,baseline,sensor_specific_force,savgol9_p3_fd,0,left_forearm,18,1961,16116,1.5389336298730427,1.6517988498429241,0.9720332074736171,0.975253679473371,0.7314410235334239,1.5389336298730427,2.4118460987121466,4.296642284122674,0.6964455626230686,1.8216979045287025,0.06704108609851901,0.9528693041635102,0.8432529333169532,1.7031961377061962,-0.039343964654726796,0.9294319940324453,0.7538579540955622,1.4020905755926225,0.22453586578578813,0.9466798927852678
vertex_baseline,baseline,baseline,sensor_specific_force,savgol9_p3_fd,1,right_forearm,19,5424,16116,1.9267720903511185,2.2542374358543493,0.9606298387507396,0.9605071325409162,0.7614555904931603,1.9267720903511185,3.3959252882632085,5.289022835093695,0.8397075991674081,2.39101787561024,0.2197477617169045,0.942759438596822,0.9595514451191558,2.0211908284524234,-0.0531250659703279,0.916448437259675,1.0811494799308001,2.3329338621387605,0.4646074759411008,0.8946300039097455
vertex_baseline,baseline,baseline,sensor_specific_force,savgol9_p3_fd,2,left_lower_leg,4,1176,16116,3.3345965908797512,3.5890779985186496,0.8563862373498151,0.8702217846697552,1.531325130930706,3.3345965908797512,5.246418608388493,11.5347131864585,1.2949109707469988,3.514209695218997,-0.32258742260996304,0.6359829920225543,1.842320903002676,3.6093740958011185,-0.24601165650171525,0.5362490879763891,1.808197538300112,3.6424156123293465,0.36929668327627047,0.6738111978020253
vertex_baseline,baseline,baseline,sensor_specific_force,savgol9_p3_fd,3,right_lower_leg,5,4662,16116,3.345534139937886,3.956422950798087,0.7995547206046135,0.8541316614459827,1.6912274990503886,3.345534139937886,5.980572632726367,12.141934024151784,1.5333913475478333,4.4231489693067605,0.07489121158515463,0.6152124481947968,1.7640561775770434,3.757489198106875,-0.13556526817321476,0.5386913294158479,1.6813426673600826,3.643744752069802,0.3917049312346902,0.7116046506514654
vertex_baseline,baseline,baseline,sensor_specific_force,savgol9_p3_fd,4,head,15,411,16116,1.2574820735105554,1.1182983375999498,0.9815240007150658,0.9828814017760227,0.6425896163246129,1.2574820735105554,1.4732658790714013,3.7737512044426564,0.5882290440239862,1.1212300206225003,0.02852854508880692,0.9442371204119863,0.656949257611203,1.1311208840494549,-0.037271435315123315,0.9291133295694577,0.6222183307301443,1.1023530750891395,0.013005175484394293,0.9404336813077878
