source,solution_type,bias_mode,comparison_space,method,sequence_id,num_frames,mean_l2_error,rmse,pearson_correlation,cosine_similarity,magnitude_mae,residual_mean,residual_std,residual_p95,x_mae,x_rmse,x_bias,x_pearson_correlation,y_mae,y_rmse,y_bias,y_pearson_correlation,z_mae,z_rmse,z_bias,z_pearson_correlation
accfit_global,projected,no_bias,model_world_linear_acc,raw_fd,s5_freestyle1,15350,2.6393161124306284,2.137153609171215,0.885709597588797,0.8856386307065823,1.3631421526837335,2.6393161124306284,2.59543582202387,6.852834749245824,1.4536322964297104,2.245262740589433,-0.16484979191230736,0.8364382768021624,1.1136616628799065,1.9603834822254533,0.04305342263429872,0.9164731564125044,1.3748873786062779,2.1949871243173797,0.29790465920775255,0.8912774969988649
accfit_global,projected,no_bias,model_world_linear_acc,raw_fd,s5_freestyle3,17795,4.411640890476982,4.99427315350273,0.7787482679333797,0.7787493086646373,2.5379714959448383,4.411640890476982,7.440814313559086,12.700937887978386,2.2240810184609474,4.522987241904198,-0.050687828830836626,0.788660859073296,2.0253359530473833,4.666624748557745,0.03325240957030221,0.8149195283086722,2.3373557013028514,5.709071103175588,0.03709657478540608,0.7429077522938193
accfit_global,projected,no_bias,model_world_linear_acc,raw_fd,s5_rom3,28765,1.2046382899304626,1.7160367037581792,0.4880435905880932,0.48766838676012775,0.6481699719518439,1.2046382899304626,2.7172030649859646,2.6901362522915497,0.6034758261093142,0.9898746835003845,-0.0029755419636442776,0.5809026774483556,0.4612359080027854,2.0701510120949864,0.0044307366238870395,0.468674189953929,0.6894304368206569,1.889171459667657,0.1529998820346945,0.48640662302558046
accfit_global,projected,no_bias,model_world_linear_acc,raw_fd,s5_walking2,18670,3.4828979025316325,3.411440164882378,0.6778928945845344,0.6779001654043307,1.806356733770043,3.4828979025316325,4.773174435976426,10.14094866700433,1.903109176653369,3.8311586196193788,-0.04093819699710585,0.6722788355742177,1.460339729602029,2.8890590945347903,0.04128635575187736,0.6771144476877685,1.8529995181527434,3.4480912365133354,0.018919463878787804,0.6984503850928
accfit_global,projected,no_bias,model_world_linear_acc,savgol15_p3_fd,s5_freestyle1,15350,2.5838770183491193,2.303437370673376,0.8657584589584738,0.8656868270701922,1.430389565892528,2.5838770183491193,3.039909655876519,7.790200858436623,1.408196563466,2.409802777339766,-0.16424691880625408,0.8065187459152048,1.062222764103731,1.9814279045865115,0.042891747345753524,0.9141671887555121,1.3904838123512286,2.486818287510266,0.299850311604016,0.8571868400163792
accfit_global,projected,no_bias,model_world_linear_acc,savgol15_p3_fd,s5_freestyle3,17795,4.143610953325702,4.8184460503649635,0.782996745040151,0.7829959445517393,2.4730418203281186,4.143610953325702,7.244498277197146,13.35625093007212,2.035013724786281,4.333591470637284,-0.0484991898006035,0.7986604417462175,2.022957316105471,5.349411434783349,0.029020543036818607,0.7450152793167928,2.1215639950357428,4.717631745681522,0.06685756248408621,0.8071480438396021
accfit_global,projected,no_bias,model_world_linear_acc,savgol15_p3_fd,s5_rom3,28765,0.7325193818738782,0.7469400256841364,0.8197047507739745,0.819037613615456,0.41588933874870404,0.7325193818738782,1.0663834024806305,2.082678266772604,0.3634781391453435,0.6878967445913984,-0.0026859203150358933,0.7435915640042037,0.2814936900271471,0.7493085475312578,0.000684660315700102,0.8465574899282031,0.4240497932643574,0.7994329085571898,0.15960214320313157,0.8344672579971218
accfit_global,projected,no_bias,model_world_linear_acc,savgol15_p3_fd,s5_walking2,18670,2.6326229477755954,2.599515919960109,0.779661833842746,0.7796578665372271,1.4533222661281806,2.6326229477755954,3.652635414221283,8.96471604347752,1.3331029060458834,2.439032693074415,-0.02206316463745049,0.8289756582277873,1.2857965971929348,2.8949509361450168,0.04205233830465757,0.6550850312054189,1.3206359654368687,2.437791552574873,0.036312744555467104,0.8184951862460409
accfit_global,projected,no_bias,model_world_linear_acc,savgol9_p3_fd,s5_freestyle1,15350,2.3737714062196664,2.088228775264833,0.891175308574268,0.8910997501295151,1.2675339631366727,2.3737714062196664,2.7289755522074772,6.72225478636627,1.303699615684244,2.1539501602797806,-0.16290833899987928,0.8491569579172704,0.980077344237399,1.8584145233104254,0.043373744938194944,0.9249119435372537,1.2616154205959278,2.233582866184237,0.29958432800218415,0.8870256705022629
accfit_global,projected,no_bias,model_world_linear_acc,savgol9_p3_fd,s5_freestyle3,17795,3.7985013184260192,4.537080619896202,0.8107056712173804,0.810705768943204,2.1696660903888394,3.7985013184260192,6.879439612950239,12.222863895143107,1.864663302099338,4.025434372726423,-0.04919172619255147,0.8292925836723656,1.8540016537152773,5.077432322251407,0.02986263082113853,0.7742140442453593,1.9418330762340643,4.446443610138607,0.054759482669780916,0.8311520605223799
accfit_global,projected,no_bias,model_world_linear_acc,savgol9_p3_fd,s5_rom3,28765,0.7459282425004347,0.7587689021379004,0.817925855303532,0.8172728461837641,0.39602547027613594,0.7459282425004347,1.08202670835561,2.0516274632212395,0.3687235273292436,0.6782872418691354,-0.003365555256407649,0.7564278083687896,0.2853401716369226,0.7772781555866981,0.0007383716514623209,0.8384672602884314,0.433423805949368,0.8142209939076526,0.15902623269631203,0.8318891230679799
accfit_global,projected,no_bias,model_world_linear_acc,savgol9_p3_fd,s5_walking2,18670,2.5387812458501355,2.451086828517103,0.8073646137142606,0.8073648251416425,1.356766215652505,2.5387812458501355,3.402656272459757,8.106425089075124,1.3321884756153584,2.3746020615406933,-0.028575331394285777,0.8396343469729648,1.1688849783799324,2.612697981405828,0.04168327026464241,0.7318380412355608,1.3056809110978014,2.357658633066859,0.029678921519724295,0.8321199521052807
accfit_global,projected,no_bias,sensor_specific_force,raw_fd,s5_freestyle1,15350,2.639316047244319,2.1371535308923635,0.9560742506958182,0.9558444165437624,1.1244669824109517,2.639316047244319,2.595435694941355,6.85283504644285,1.123241346966107,1.8485305011259423,0.27921052624421905,0.9766607246624779,1.3818597440734945,2.193284399480421,-0.08141738706107683,0.9073775504963414,1.4294200054069481,2.3398107131176165,0.4015943944973379,0.9333901687425141
accfit_global,projected,no_bias,sensor_specific_force,raw_fd,s5_freestyle3,17795,4.411640656776829,4.994272967639304,0.8568495900574782,0.8587480080792591,2.339021645734837,4.411640656776829,7.440814077864855,12.700937160045244,2.0642060935395734,5.253927272022606,0.1796824580176163,0.8928790873687509,2.336253492342871,4.853629803913119,-0.18580867050848593,0.7616235284022727,2.1899502854796946,4.864854917954027,0.217316486049203,0.8217208434217852
accfit_global,projected,no_bias,sensor_specific_force,raw_fd,s5_rom3,28765,1.204638241107874,1.7160368268717408,0.9578304714608379,0.9579757973878776,0.469923915540924,1.204638241107874,2.7172033198862073,2.690136045174198,0.4821690371969972,1.9884400678783116,-0.010576074483641144,0.9651597101187553,0.6462447765708886,1.3043040751331942,-0.10363792460890264,0.9053686978128033,0.6506783083701193,1.7830435074857642,0.23968855234782765,0.9233584267396646
accfit_global,projected,no_bias,sensor_specific_force,raw_fd,s5_walking2,18670,3.4828978329902265,3.4114402026156467,0.8824788062317006,0.8834898656418589,1.541699693068842,3.4828978329902265,4.7731745676246575,10.140950792774824,1.4618708921074877,2.9432912334469985,0.04935370164680937,0.9409178746675095,1.9211360451441755,3.65177492944415,-0.07136463144103772,0.5539563576397083,1.7940660482848627,3.5937931698783214,0.1275421623185749,0.8313567633354372
accfit_global,projected,no_bias,sensor_specific_force,savgol15_p3_fd,s5_freestyle1,15350,2.5838768675606705,2.3034372304415567,0.9485336822601357,0.9484937249375593,1.1426973020008697,2.5838768675606705,3.0399094652699223,7.790201018550803,1.0858759742043733,1.9632870736457213,0.13654069048970355,0.9731310838146834,1.3945936177539893,2.5273415022640973,-0.02165137191790824,0.8743684345066037,1.3672920322807978,2.3823345737200476,0.35007581552109684,0.9298206975443964
accfit_global,projected,no_bias,sensor_specific_force,savgol15_p3_fd,s5_freestyle3,17795,4.143610800502485,4.818445759040169,0.8623291364338729,0.8643368603724063,2.2414983969755764,4.143610800502485,7.244497783310843,13.356250843055701,1.93218091753102,5.44774596657202,-0.016811774260243512,0.8824828438886021,2.2549764722323693,4.612958295462448,-0.0931159465878611,0.7706917725973284,1.9639429603435816,4.323764360653693,0.14471421943775065,0.8497554722167375
accfit_global,projected,no_bias,sensor_specific_force,savgol15_p3_fd,s5_rom3,28765,0.7325192577956107,0.746939942275413,0.9916561962805411,0.9916840104576005,0.2839229551432703,0.7325192577956107,1.0663833124434006,2.082678638224609,0.27769227908507893,0.68480859511753,-0.033923712913371484,0.9956993813629704,0.3917743420105614,0.7888018042761942,-0.09084443644381077,0.9635916098321194,0.4042983037660431,0.763273695159847,0.21471320861356016,0.9866424502806536
accfit_global,projected,no_bias,sensor_specific_force,savgol15_p3_fd,s5_walking2,18670,2.6326227878082538,2.5995156727465183,0.9277036008670544,0.9284111549702622,1.2856219316191717,2.6326227878082538,3.6526350017045295,8.96470675189605,1.1901248604915966,2.6003552185181156,-0.047492921990569405,0.9531050791536989,1.4209301401562104,2.597194861562123,-0.0179917572682078,0.6643793531816388,1.3114211169971297,2.6009953454716634,0.07799105892967331,0.9060227098079924
accfit_global,projected,no_bias,sensor_specific_force,savgol9_p3_fd,s5_freestyle1,15350,2.37377128773923,2.0882286552995195,0.9579634314085633,0.957877968188695,1.0171606072213148,2.37377128773923,2.728975379871895,6.722254349498722,0.9971502652522133,1.8090523463893107,0.158760758573907,0.9772707382882108,1.260964442931061,2.2071237548043543,-0.018662121301587613,0.9058225456014527,1.2843828301123477,2.222168105577023,0.33281421391203725,0.9393468487987171
accfit_global,projected,no_bias,sensor_specific_force,savgol9_p3_fd,s5_freestyle3,17795,3.798501208603025,4.537080366325597,0.8791029867604965,0.88084695670345,2.005988603987734,3.798501208603025,6.879439171889885,12.222863598375975,1.7552521131147447,5.186877632901385,-0.0007177003521451151,0.8941489805621518,2.0483740667581714,4.256031202125131,-0.09053177491419317,0.8090717890928801,1.8458667266437805,4.09118486252287,0.10081812836050942,0.8668135282600465
accfit_global,projected,no_bias,sensor_specific_force,savgol9_p3_fd,s5_rom3,28765,0.7459281277496029,0.7587688387422057,0.9914002075327197,0.9914259681356692,0.2840115146689887,0.7459281277496029,1.082026654094324,2.051623671926855,0.288466232692313,0.7418999235333696,-0.02900399815366807,0.9949533313209099,0.3927727047410603,0.7552650806106116,-0.09117325105048922,0.9667346767384545,0.4162169416979815,0.7786845403692129,0.217529873912998,0.9859108119060509
accfit_global,projected,no_bias,sensor_specific_force,savgol9_p3_fd,s5_walking2,18670,2.5387810991718074,2.451086620096687,0.9360474694889709,0.9366702198151227,1.1566634762474084,2.5387810991718074,3.4026559314951297,8.106425002139053,1.072637781352987,2.3230432648808867,-0.03407263232284811,0.9627560549059716,1.4127717906722554,2.513504564854324,-0.018025561690116015,0.6994934518727147,1.2934502284922573,2.5118203856165806,0.05368142643937256,0.9122141986565759
accfit_loo,projected,no_bias,model_world_linear_acc,raw_fd,s5_freestyle1,15350,2.667007894832956,2.1574329133829506,0.8833521677702262,0.8832815075405012,1.3835955845106882,2.667007894832956,2.6173687581506018,6.97804268544109,1.4647435891095562,2.263917670400083,-0.16484812105917873,0.8332299882205829,1.1332659547181394,1.9873104902823497,0.043030864819641614,0.914294864532783,1.3845917770033551,2.2110685480346666,0.29786556129249764,0.8895011056926141
accfit_loo,projected,no_bias,model_world_linear_acc,raw_fd,s5_freestyle3,17795,4.55167817671788,5.053861883147498,0.7707549401374038,0.7707560631550139,2.6411526229166067,4.55167817671788,7.477084029043922,12.938282961867186,2.297171390870124,4.593615524944992,-0.05076756808560328,0.7791431616404628,2.087457947544785,4.708955561898364,0.033239888006061875,0.8104555111096603,2.4136768470241696,5.774858762501842,0.03730165255184035,0.7333936422029341
accfit_loo,projected,no_bias,model_world_linear_acc,raw_fd,s5_rom3,28765,1.2056805076010808,1.721152964292142,0.48903016761088386,0.4886539752213407,0.6483915174896807,1.2056805076010808,2.72643303476643,2.6905205224256403,0.6038879204041059,0.9921945988772793,-0.0029734039583495806,0.5822509232203041,0.4609328983287158,2.0752935555880803,0.004446933471740027,0.4697460074271644,0.6902559369820606,1.8962618794797885,0.15298423852111678,0.4869662711584678
accfit_loo,projected,no_bias,model_world_linear_acc,raw_fd,s5_walking2,18670,3.4877208003101767,3.5297189580848722,0.6672226589180669,0.6672298013934103,1.8228381717730742,3.4877208003101767,5.021210151773675,10.139556280075231,1.904516557502013,4.008434299845244,-0.040835603926556274,0.6572755842406591,1.4668885300168393,3.0159952617721273,0.04128994999815579,0.6577673112132209,1.855019024030735,3.49470668497136,0.018853703829303712,0.696651055705821
accfit_loo,projected,no_bias,model_world_linear_acc,savgol15_p3_fd,s5_freestyle1,15350,2.589318122536481,2.306291590942466,0.8654018567902406,0.865330191134787,1.4260882960758632,2.589318122536481,3.0417715837419386,7.796963497126082,1.4111964647376043,2.411405088797322,-0.16424386658150616,0.8062423102754007,1.0628570782322837,1.9824751987580898,0.042944132994362894,0.914060291400426,1.3955562185746062,2.492360385535615,0.29984076881860094,0.8564963071009154
accfit_loo,projected,no_bias,model_world_linear_acc,savgol15_p3_fd,s5_freestyle3,17795,4.139787720851721,4.8201116379220865,0.7829629425910171,0.7829621623900825,2.480174029269185,4.139787720851721,7.250005947058329,13.430104990055815,2.0306602642771217,4.332903979881732,-0.04846881173109365,0.7988692387600492,2.021072050199712,5.351541738899342,0.02902806659500463,0.7448511284071629,2.120923505092616,4.720950404742575,0.06688588482640992,0.8070474597809462
accfit_loo,projected,no_bias,model_world_linear_acc,savgol15_p3_fd,s5_rom3,28765,0.7335941372562957,0.7475945235276406,0.8194089436746274,0.8187418807209007,0.4161306704454844,0.7335941372562957,1.067020316867842,2.0827886963123547,0.36429116549964313,0.6890402449251493,-0.002680153808351389,0.7427660314373231,0.2818454090613977,0.7496143458100352,0.0006871063989410188,0.8464727984773663,0.4245447088918146,0.7999966176521266,0.1596071413051361,0.8342260511449262
accfit_loo,projected,no_bias,model_world_linear_acc,savgol15_p3_fd,s5_walking2,18670,2.6422044633767485,2.604986843844544,0.7786024399996657,0.7785985019285897,1.4455357229707402,2.6422044633767485,3.6574068605395085,9.039657790855436,1.3371824470188531,2.4448742085680126,-0.02214914350388806,0.8280522308794824,1.2934128464896473,2.9005291102300976,0.04200767330390346,0.6534658221701315,1.3245609829864746,2.442824257861422,0.036326530207114134,0.8176530616474438
accfit_loo,projected,no_bias,model_world_linear_acc,savgol9_p3_fd,s5_freestyle1,15350,2.378692480734632,2.0905938622934315,0.8909199432655047,0.8908444338477649,1.2661975251013076,2.378692480734632,2.730122739598611,6.752119491170158,1.3060119695321988,2.154961539094802,-0.162920101015959,0.8490080993591881,0.9817081291667802,1.86018541094627,0.043412733893441066,0.9247641250176716,1.265659781539576,2.237766541241897,0.2995299526029767,0.8865842917687973
accfit_loo,projected,no_bias,model_world_linear_acc,savgol9_p3_fd,s5_freestyle3,17795,3.8005697630616613,4.538140306548989,0.8105022091661703,0.8105023206085397,2.174520989882791,3.8005697630616613,6.880394015016515,12.215364447553474,1.8641030408462955,4.02456522481466,-0.04916696951304068,0.8292820781860576,1.8559133807689696,5.0803233458998465,0.029917796371893523,0.7738548717963983,1.9433262075261684,4.447172335101392,0.054727592891912744,0.8309460761230372
accfit_loo,projected,no_bias,model_world_linear_acc,savgol9_p3_fd,s5_rom3,28765,0.7468515003506141,0.759247031069683,0.8177509704572682,0.8170980652031931,0.3962670594141585,0.7468515003506141,1.0823959529619562,2.053725727972428,0.3694673850825945,0.6793241938216216,-0.0033627915056252374,0.7557654872885149,0.2855973520155432,0.7772807264168622,0.0007295754335868592,0.8385125792628942,0.43383660546919844,0.8146910301420186,0.15903441685676192,0.8317353225360093
accfit_loo,projected,no_bias,model_world_linear_acc,savgol9_p3_fd,s5_walking2,18670,2.5479281082228953,2.456617742836712,0.8064998720578167,0.8065000930067411,1.35465467559719,2.5479281082228953,3.4077814716598436,8.124532050706174,1.3373855437487803,2.381056719949475,-0.028646213722319992,0.8388509271227993,1.1739903382394297,2.617212538205058,0.04165598018704472,0.7306015467669146,1.310544544303651,2.363404245893223,0.029694041595497454,0.8313603474120772
accfit_loo,projected,no_bias,sensor_specific_force,raw_fd,s5_freestyle1,15350,2.6670078288182424,2.1574328354610928,0.9552201554135393,0.954973300280508,1.1432825200663732,2.6670078288182424,2.6173686327300696,6.978042657316102,1.1419955664537804,1.8746476589393581,0.296302962269751,0.9760539559808017,1.3956559145969862,2.214506630720687,-0.09356174551960819,0.9053260841021687,1.4396475198307603,2.354826077633838,0.4129415350836449,0.9325733573372756
accfit_loo,projected,no_bias,sensor_specific_force,raw_fd,s5_freestyle3,17795,4.551677897931755,5.053861650230955,0.8523647943862991,0.8543029273595035,2.4288005949425613,4.551677897931755,7.477083726460806,12.938284447253341,2.13556426332326,5.322510471108169,0.2732288174785417,0.889545308399684,2.3999485821658832,4.910629222224852,-0.24737109754153153,0.7553133242743025,2.2614484477593324,4.917433849661905,0.24687037348620208,0.8165916924073493
accfit_loo,projected,no_bias,sensor_specific_force,raw_fd,s5_rom3,28765,1.2056804626382602,1.7211530925625684,0.9576072085505134,0.9577563140125794,0.4699745821698655,1.2056804626382602,2.72643329757496,2.690519943409229,0.4819301516056645,1.9924524777048245,-0.012791413029022602,0.965040670480984,0.6473264371143426,1.3099941055986402,-0.10443274657745852,0.9048010421592887,0.651332687542571,1.7891764785782882,0.2378560175735147,0.9228354845832463
accfit_loo,projected,no_bias,sensor_specific_force,raw_fd,s5_walking2,18670,3.4877207642818657,3.5297190276215726,0.8758980287542458,0.8769584909585812,1.5559323493542494,3.4877207642818657,5.021210323443787,10.139558022608021,1.45403909100263,2.9425185976471346,0.02263911526615771,0.940978993628567,1.9293358435242511,3.7393328841815725,-0.03139895266157201,0.5491941700532088,1.797465032858329,3.8387137332237224,0.10214753329480328,0.8136048859771002
accfit_loo,projected,no_bias,sensor_specific_force,savgol15_p3_fd,s5_freestyle1,15350,2.5893179687947465,2.3062914471999667,0.9484000802935357,0.9483679288462119,1.1429330621098956,2.5893179687947465,3.0417713876555217,7.796962209325667,1.0843708846617253,1.9634680746642084,0.12468989601900747,0.9730920352464362,1.3979902643961928,2.5300469563079124,-0.023492865848525828,0.8741960601371165,1.3722012829777184,2.387592142082614,0.3550155327703439,0.9295539490711797
accfit_loo,projected,no_bias,sensor_specific_force,savgol15_p3_fd,s5_freestyle3,17795,4.1397875133423385,4.820111328682743,0.8622621705446526,0.864268730461419,2.2456998634897416,4.1397875133423385,7.25000544876085,13.43010675527017,1.9279513849991976,5.452181492057144,0.0289363896014158,0.882376509486739,2.2546404625800753,4.614682863560156,-0.09647684831701854,0.770449168753591,1.9603413030468873,4.321902209574034,0.16066976702869817,0.8499580397437391
accfit_loo,projected,no_bias,sensor_specific_force,savgol15_p3_fd,s5_rom3,28765,0.733594016306248,0.7475944418035076,0.9916415776513512,0.9916694649776676,0.28424248155306303,0.733594016306248,1.0670202282460077,2.0827877349094623,0.27833016085027124,0.6855693756865555,-0.03411815809061075,0.9956904469992451,0.39229389210257914,0.789489836163434,-0.09049809345779017,0.9635237076438817,0.4049013907240797,0.763801530478877,0.21451064271825115,0.9866161625496067
accfit_loo,projected,no_bias,sensor_specific_force,savgol15_p3_fd,s5_walking2,18670,2.642204318397001,2.6049865997933335,0.9273932874917769,0.9281028377632057,1.290140622543199,2.642204318397001,3.657406443800406,9.039658996065747,1.1967525592769421,2.6052220351822575,-0.04292503072157897,0.9529294236607868,1.423632368591145,2.599934028359322,-0.015166393943222764,0.6638436065128157,1.3181536316063938,2.609794388623092,0.08518073769946544,0.9055147742723062
accfit_loo,projected,no_bias,sensor_specific_force,savgol9_p3_fd,s5_freestyle1,15350,2.378692357810892,2.090593741387106,0.9578683292925226,0.9577828086435429,1.0176682915635824,2.378692357810892,2.7301225689468374,6.752119763195729,0.9994284034074341,1.8121827450941121,0.15548163795979192,0.9771806326478087,1.2621061284636808,2.2079286638498505,-0.019714723603174444,0.9057715784137332,1.2874862798127662,2.2254867531203586,0.3370500382083428,0.9392020695125677
accfit_loo,projected,no_bias,sensor_specific_force,savgol9_p3_fd,s5_freestyle3,17795,3.8005696173072856,4.538140041587402,0.879002792503527,0.8807471462233083,2.011363788373201,3.8005696173072856,6.8803935712412185,12.215365230248564,1.7558283366561245,5.18930396549767,0.020251032020357936,0.8940141762621157,2.051135303337863,4.257421283086557,-0.09734251954548262,0.8088840925385351,1.8437455208340725,4.090187463083875,0.1139260884894929,0.8668725876075477
accfit_loo,projected,no_bias,sensor_specific_force,savgol9_p3_fd,s5_rom3,28765,0.7468513910690288,0.7592469670533085,0.9913894008788156,0.9914152648978137,0.28426238179543706,0.7468513910690288,1.0823958936531493,2.0537241982689993,0.2890374055414374,0.7425488180390076,-0.02906965270049246,0.9949451590673947,0.39321177070225855,0.7558858321199468,-0.09093693976161367,0.9666736425971602,0.41668567361812714,0.7788618186611482,0.21717569632965744,0.9858988731734264
accfit_loo,projected,no_bias,sensor_specific_force,savgol9_p3_fd,s5_walking2,18670,2.5479279752110506,2.4566175377950064,0.9357622312196533,0.936387122676411,1.1588027450703995,2.5479279752110506,3.4077811276757366,8.12453200970747,1.0779593262535354,2.3280055551280916,-0.031854060125957734,0.9625901981144387,1.415340817407885,2.5156036584956487,-0.01576364161499867,0.6990640985504795,1.301039070514727,2.521316630187897,0.05759101037390794,0.9115472102229452
accfit_per_sequence,projected,no_bias,model_world_linear_acc,raw_fd,s5_freestyle1,15350,2.5813761909206225,2.088570740662665,0.8920052341638061,0.8919332001566158,1.3165712079023932,2.5813761909206225,2.534340185769209,6.640477691894366,1.4297488891523853,2.196513455799714,-0.16484014212733275,0.8460877450013454,1.0637589433993113,1.8960594193666198,0.04315959756459786,0.9218652315140191,1.3598347438854872,2.1602477943464007,0.29810343508611675,0.89559676089746
accfit_per_sequence,projected,no_bias,model_world_linear_acc,raw_fd,s5_freestyle3,17795,4.3205072023559525,4.963157789407382,0.7847024649509161,0.7847034319641089,2.46110957637708,4.3205072023559525,7.431825027680339,12.406459201432222,2.1755940599751695,4.488351662722884,-0.05058557479572986,0.7953814169264328,1.9855686572771054,4.636061180679166,0.03327178711568281,0.8187569784044397,2.287875538762009,5.679827621362988,0.03681166955741161,0.7496080081900351
accfit_per_sequence,projected,no_bias,model_world_linear_acc,raw_fd,s5_rom3,28765,1.2332737011460622,1.6771922038364546,0.4625804372345707,0.46222894298275397,0.6661641223065334,1.2332737011460622,2.630200951237537,2.81337227105955,0.6081242353724037,0.9684952564972293,-0.0031092645508649505,0.5505350033670574,0.488455508094279,2.037282807378217,0.004172010761995679,0.44254255449467167,0.7040993678050209,1.8304143702268203,0.15330712882532838,0.46790814643665823
accfit_per_sequence,projected,no_bias,model_world_linear_acc,raw_fd,s5_walking2,18670,3.5811627590101454,3.328838892680615,0.6799588809221249,0.6799666587239467,1.8454513616154329,3.5811627590101454,4.51871424342679,10.250583292167635,1.9417022785151914,3.6544480890859727,-0.04113479456502643,0.684228630662099,1.5103590007957188,2.8304236321073866,0.04131639612251,0.6817036807865524,1.9111078537688313,3.4463337544778256,0.01893528682086467,0.6908849128162449
accfit_per_sequence,projected,no_bias,model_world_linear_acc,savgol15_p3_fd,s5_freestyle1,15350,2.581163298920674,2.302126003682698,0.8659765080328868,0.8659050862122061,1.4430774487403146,2.581163298920674,3.0392348436409375,7.73979213318148,1.4037873649566832,2.408885705331239,-0.16429617731586244,0.8067030761758939,1.065088836541005,1.985022663650246,0.04270740789388601,0.913915773420222,1.3865166828150373,2.4811906605381853,0.29989856988094526,0.8579493333592508
accfit_per_sequence,projected,no_bias,model_world_linear_acc,savgol15_p3_fd,s5_freestyle3,17795,4.136067629676987,4.812053228398353,0.7836552477860966,0.7836544398669565,2.471901952457264,4.136067629676987,7.2360564799865426,13.360160419034793,2.0331869019523587,4.329342844500007,-0.048569007624222275,0.7991493201323988,2.021553175169352,5.344530614340936,0.028983020424072446,0.745554022410532,2.1158597727415307,4.707478291608589,0.06684079230947504,0.8080618859184465
accfit_per_sequence,projected,no_bias,model_world_linear_acc,savgol15_p3_fd,s5_rom3,28765,0.7303068012639732,0.7451049323191469,0.8200690010488345,0.8194056980311597,0.4170946395258357,0.7303068012639732,1.0640470180055697,2.0619049155779816,0.36198434868517293,0.6855226369332466,-0.0027705702558839746,0.7444915657340133,0.28078695889682165,0.7483186121163397,0.0006381635570161429,0.8463926857058041,0.4224470588568499,0.7972590855621055,0.1594133477090142,0.8350474651127866
accfit_per_sequence,projected,no_bias,model_world_linear_acc,savgol15_p3_fd,s5_walking2,18670,2.6234535695031993,2.595621550317377,0.7806086107059664,0.7806047207659473,1.4671711867331294,2.6234535695031993,3.6509238647329907,8.979350415626689,1.3325190207211128,2.436089808316644,-0.022000820268131095,0.8295780194373463,1.2731969862873056,2.888244443090625,0.0420899109209548,0.6575012038362837,1.3210398173945381,2.4362397624593233,0.03635058299507138,0.8188830235950635
accfit_per_sequence,projected,no_bias,model_world_linear_acc,savgol9_p3_fd,s5_freestyle1,15350,2.372228521310353,2.087477437106013,0.8912574665836495,0.8911818060245424,1.2755603582202812,2.372228521310353,2.7285926764472856,6.6393656138644594,1.302422867605299,2.15682024976267,-0.16288734431363375,0.8487142053524153,0.9785346194431914,1.8571981315627013,0.04322767762485467,0.9250202047339315,1.2603147299932347,2.2297147040852043,0.2997996029748008,0.8874387230079074
accfit_per_sequence,projected,no_bias,model_world_linear_acc,savgol9_p3_fd,s5_freestyle3,17795,3.781246160769782,4.529477544670236,0.8114690919533631,0.8114691825452168,2.1645194514209614,3.781246160769782,6.873912856203483,12.145082475227621,1.8575804387584818,4.0186237935615035,-0.049232903825253645,0.8299833249837435,1.8463649976727465,5.070509374131742,0.02978362193114974,0.7749379212202995,1.9319632285560582,4.437239905130128,0.054815401346743294,0.8320167577736782
accfit_per_sequence,projected,no_bias,model_world_linear_acc,savgol9_p3_fd,s5_rom3,28765,0.7429192002470394,0.7560438597150237,0.8184777697837606,0.8178238522495251,0.3977774500532995,0.7429192002470394,1.0783682188114925,2.055796200158195,0.36676098937774165,0.6749812129394186,-0.00338855976735509,0.7576461334758589,0.2845480708045668,0.7747799877367694,0.0007376572225024632,0.8388452905119789,0.4319058951542789,0.8117408984520947,0.15911112618981477,0.832276361498068
accfit_per_sequence,projected,no_bias,model_world_linear_acc,savgol9_p3_fd,s5_walking2,18670,2.534815266738082,2.445332099052676,0.8081589327967901,0.808159213277317,1.3650549296224483,2.534815266738082,3.393178272281556,8.030160909722294,1.3305609253673636,2.3679978679295424,-0.02854255414984414,0.8403184994234016,1.1622567025875752,2.6051287690262437,0.041810761662683965,0.7348054031347254,1.3053546844842436,2.354747846000724,0.029648043165890273,0.8323196711954685
accfit_per_sequence,projected,no_bias,sensor_specific_force,raw_fd,s5_freestyle1,15350,2.581376145367745,2.088570675051787,0.9581815150226771,0.9580217452276824,1.08814902091278,2.581376145367745,2.5343400699561216,6.640478143942785,1.0854978300435274,1.7887773837578196,0.20389875290990167,0.9778596762146576,1.3645705701537567,2.1535039193941365,-0.004112908694172067,0.9125065428110137,1.4012090983623369,2.2910868020591137,0.3275017285554921,0.9357812807947395
accfit_per_sequence,projected,no_bias,sensor_specific_force,raw_fd,s5_freestyle3,17795,4.320507068412008,4.963157648390736,0.8599364823058432,0.8617899962863902,2.269385416453285,4.320507068412008,7.43182482302565,12.406457575854448,2.013831600505228,5.211581884926151,0.08774404557247033,0.895202969104275,2.294139001708454,4.816726566294188,-0.08732391050621854,0.7673439872019077,2.1442136800184914,4.851531816921721,0.17636905757205423,0.8244828147778915
accfit_per_sequence,projected,no_bias,sensor_specific_force,raw_fd,s5_rom3,28765,1.2332736008836136,1.6771923113759617,0.9594190311106311,0.9595135291452564,0.49424925837589667,1.2332736008836136,2.6302012039727085,2.813371502405152,0.5133250512177108,1.9660515534144658,0.021237564427752143,0.9657497922466279,0.6459446721397994,1.248261408952469,-0.09569609842192688,0.910468583587547,0.6660466453107221,1.7364926985888782,0.26508875816100436,0.9272821639227599
accfit_per_sequence,projected,no_bias,sensor_specific_force,raw_fd,s5_walking2,18670,3.5811625973064505,3.3288388557697672,0.8863519368178395,0.8873066808572961,1.5772397777428704,3.5811625973064505,4.518714290005624,10.250581229762041,1.5168358157188084,2.9886960423769016,0.12036471973651203,0.9389420278614046,1.9725953807898458,3.618728724951627,-0.13200589790691666,0.5494118570861795,1.8377993754297077,3.3490301229666977,0.17123097513975258,0.849089817812057
accfit_per_sequence,projected,no_bias,sensor_specific_force,savgol15_p3_fd,s5_freestyle1,15350,2.581163147207554,2.3021258634585156,0.9486115053066202,0.9485519954903949,1.1441253456601057,2.581163147207554,3.039234653841562,7.739792582224635,1.094414614254002,1.9698646060536065,0.16158148545743492,0.9730060255602169,1.3920827518031067,2.524563448793338,-0.018309859560654878,0.8744907631498869,1.3595719467223555,2.3760394147504798,0.3425651886653142,0.9301231045028255
accfit_per_sequence,projected,no_bias,sensor_specific_force,savgol15_p3_fd,s5_freestyle3,17795,4.1360675110473455,4.812052950120926,0.8627309136124474,0.864731912709152,2.2403997066835064,4.1360675110473455,7.236055992622027,13.360159236694573,1.9301905287936059,5.442034436783535,-0.048915170930199,0.8827397632954119,2.2469280318977716,4.59848150660459,-0.06619784651649144,0.7723963800725917,1.9649506436096114,4.325019052741873,0.1405726012864942,0.8496507999440994
accfit_per_sequence,projected,no_bias,sensor_specific_force,savgol15_p3_fd,s5_rom3,28765,0.730306669078555,0.7451048442713588,0.991700219379092,0.9917239472999393,0.2828960710499754,0.730306669078555,1.064046923762915,2.0619061936698317,0.2782282846192005,0.6853533746484217,-0.02667659367664759,0.9956873428137704,0.389588667815467,0.7865479158644848,-0.08607614035740105,0.9637551968464898,0.40270766124396346,0.7597215376552071,0.21513808697123682,0.9868162677824238
accfit_per_sequence,projected,no_bias,sensor_specific_force,savgol15_p3_fd,s5_walking2,18670,2.623453366419844,2.5956212892157873,0.927928169592254,0.9286332002960651,1.2767877974786421,2.623453366419844,3.650923453773178,8.979348059296566,1.1789325389369074,2.5973429615777106,-0.028191440944356848,0.953253494976839,1.4183460019436849,2.592826553477356,-0.026379628245997135,0.6647149876204144,1.3082990528909315,2.5966920561776563,0.08137356019579185,0.9061961117748483
accfit_per_sequence,projected,no_bias,sensor_specific_force,savgol9_p3_fd,s5_freestyle1,15350,2.372228400565843,2.0874773196282663,0.9579876061100109,0.957908444121909,1.0191885897011013,2.372228400565843,2.7285925117972565,6.639366236462707,0.9974819682349638,1.807154978874459,0.16229594670741684,0.9773196397876592,1.2659527862003042,2.2113006716108212,-0.016339125477695414,0.9054737546293781,1.279022554457455,2.2174365609753126,0.32089381105422554,0.939500536822625
accfit_per_sequence,projected,no_bias,sensor_specific_force,savgol9_p3_fd,s5_freestyle3,17795,3.7812460808778487,4.529477296121784,0.8795578372362203,0.8812939922143743,1.998588686874741,3.7812460808778487,6.873912408817415,12.14508292257309,1.7453021698349531,5.180196627755337,-0.013765510239615295,0.8944565121225351,2.035550508042018,4.241436893834344,-0.06815399365473955,0.8105799985898651,1.842843102405797,4.089531721561925,0.09570113678543794,0.8668970927076222
accfit_per_sequence,projected,no_bias,sensor_specific_force,savgol9_p3_fd,s5_rom3,28765,0.7429190784077317,0.7560437932503032,0.9914647716199958,0.9914859583484884,0.2831877463139067,0.7429190784077317,1.0783681629549013,2.055794104764613,0.2880670845317005,0.7416644083391368,-0.025890910920373208,0.9949537463559123,0.3888167262090273,0.750017181534853,-0.08591153107211356,0.9671445974073772,0.41577689486640684,0.7760249897666928,0.2213864282602184,0.9860788248474419
accfit_per_sequence,projected,no_bias,sensor_specific_force,savgol9_p3_fd,s5_walking2,18670,2.5348150801732667,2.445331877536215,0.9363291548861119,0.9369491708993889,1.1555405670648207,2.5348150801732667,3.393177932736592,8.030158360581291,1.0659580338448256,2.318200776410377,-0.019232163172146384,0.9629458998191939,1.4121448479198115,2.5097376916632097,-0.032236490151581046,0.7000092255626674,1.292955580655341,2.503219098117407,0.058131554021304134,0.9128291845581218
old_footlock_rjs,baseline,baseline,model_world_linear_acc,raw_fd,s5_freestyle1,15350,3.6786430759913595,3.0232853911458175,0.7643930094535399,0.7643320146438559,1.8313596384546955,3.6786430759913595,3.7267074997117744,10.982498171172326,1.8139734275834423,2.896060833171193,-0.16494867136635202,0.7222753722843376,1.6688929186814772,3.0111109776809686,0.04328896711237656,0.7893923538077047,1.9895241455476524,3.1570248652185326,0.29825929572120163,0.773764722373429
old_footlock_rjs,baseline,baseline,model_world_linear_acc,raw_fd,s5_freestyle3,17795,8.750150505368284,8.628815121004218,0.40984834987674046,0.4098512702925205,4.4860650706332335,8.750150505368284,12.11627902083871,27.719622292810612,4.543987788838612,8.832957462887807,-0.049874365725613407,0.322376193674327,3.8144558442211713,7.785388205874591,0.032551596448742365,0.5170446179353105,4.707266521450194,9.205212877498083,0.0345466226097547,0.3863452056856504
old_footlock_rjs,baseline,baseline,model_world_linear_acc,raw_fd,s5_rom3,28765,1.599178382495179,1.9768076292378285,0.41462785325273643,0.41430684045712707,0.8335531486289571,1.599178382495179,3.027529307867845,4.221360999968434,0.8027714616216282,1.3527353291669517,-0.003005865470268442,0.4326600943230676,0.5597794518851206,2.0481267172215145,0.004215398017953587,0.4736789392704981,0.9731972844102746,2.3871718179606707,0.1538870686221937,0.35777821946847144
old_footlock_rjs,baseline,baseline,model_world_linear_acc,raw_fd,s5_walking2,18670,4.25008878744143,4.095095212471388,0.5786719794439259,0.5786810142864797,2.212152268749462,4.25008878744143,5.6785702158626945,11.643255624779162,2.292766896834927,4.202413823927128,-0.04079359487301695,0.6152275735863869,1.71695865397793,3.0320330651813356,0.040466876960911724,0.6354288990626737,2.321954757898914,4.843129973656652,0.018554295704914053,0.5386682310736048
old_footlock_rjs,baseline,baseline,model_world_linear_acc,savgol15_p3_fd,s5_freestyle1,15350,3.4365282417561662,2.92578696686692,0.7719145440930042,0.7718510460110417,1.8922467914275807,3.4365282417561662,3.7243740104985794,10.815745104269265,1.7252903982857395,2.8913264936614813,-0.16396527543117925,0.7043794035437716,1.5361346038234351,2.806210341051977,0.04222149143778152,0.8213875764469868,1.8507162704833264,3.0734512775199723,0.30051093373362714,0.7710852242509229
old_footlock_rjs,baseline,baseline,model_world_linear_acc,savgol15_p3_fd,s5_freestyle3,17795,7.093445590975474,6.663540848649144,0.5289121093797943,0.5289129692043134,3.9368888735241776,7.093445590975474,9.104469208730285,22.199144730145452,3.6146084681920545,6.610982113611357,-0.04742626790046257,0.45385192537608154,3.200100457282273,6.4704759789609,0.027874627531864364,0.5949006940106419,3.7790616107410084,6.901897277129524,0.06487672419270779,0.5243609845933644
old_footlock_rjs,baseline,baseline,model_world_linear_acc,savgol15_p3_fd,s5_rom3,28765,0.9808554000470862,0.9479884950833193,0.705092265715641,0.7045196037634652,0.5058719113063528,0.9808554000470862,1.316802659713854,3.123856623508287,0.4686682839834842,0.8625378550505274,-0.0032861704794360093,0.6037251173117373,0.36380671556775473,0.8764619658694698,0.0007872240700432472,0.7874212349559604,0.601007423190377,1.0880668322396694,0.16018610642891065,0.6791560377428107
old_footlock_rjs,baseline,baseline,model_world_linear_acc,savgol15_p3_fd,s5_walking2,18670,3.191588505197806,2.8317759833752105,0.7312780078561921,0.7312764994632049,1.786950881515222,3.191588505197806,3.724329264921559,9.585094867527088,1.6411916626419774,2.7200352315299443,-0.02220750019477055,0.7816401705811914,1.5220714241824944,3.0515317239053243,0.041399041653062546,0.6079940483043926,1.629414377630607,2.710429511589845,0.035479019164149146,0.769379843900378
old_footlock_rjs,baseline,baseline,model_world_linear_acc,savgol9_p3_fd,s5_freestyle1,15350,3.396448602813536,2.88103419360014,0.780571401102518,0.7805055582367695,1.7721900992765833,3.396448602813536,3.6558461349632325,10.691791160761914,1.6739757907741282,2.759592621884234,-0.1628153113655576,0.7365197085250011,1.5488356690220413,2.8678079858439265,0.04251338021374681,0.809788027302531,1.824233763546771,3.0102159377113673,0.30029349464255745,0.7843404399109398
old_footlock_rjs,baseline,baseline,model_world_linear_acc,savgol9_p3_fd,s5_freestyle3,17795,7.49602039718581,7.09944994733882,0.49408660856943554,0.49408870949806005,3.8855949751413994,7.49602039718581,9.747627755986674,23.945940426484132,3.8359156592785433,7.090213649884736,-0.04777082589740966,0.4181613032715993,3.3844962125515865,6.880695417209896,0.028524158117509215,0.5583489287306398,3.984216155906986,7.320619484639427,0.051660949918021476,0.4927586353506238
old_footlock_rjs,baseline,baseline,model_world_linear_acc,savgol9_p3_fd,s5_rom3,28765,1.0509024231664013,1.0017773064136835,0.6880535000264771,0.6875108603386384,0.5059273920063684,1.0509024231664013,1.380680054146996,3.4319595355797685,0.5021591934467091,0.9004490256796305,-0.0032451515396490016,0.5950722518363732,0.3793560455306683,0.9085914149386783,0.0006145911156229822,0.779958058494083,0.6509108607349511,1.172316726737574,0.15876362821187287,0.6501903750279608
old_footlock_rjs,baseline,baseline,model_world_linear_acc,savgol9_p3_fd,s5_walking2,18670,3.228865732395119,2.7867146684864,0.7426594918783459,0.7426626898279375,1.7321958269160254,3.228865732395119,3.5877237927182084,9.082835752479273,1.6888099203957718,2.7507312400689474,-0.028522279751838756,0.779208348445952,1.4723427539434928,2.842655721230302,0.04074366503561252,0.6720663915012468,1.6860403199500071,2.7658853964214023,0.02794589018075062,0.7623717730952262
old_footlock_rjs,baseline,baseline,sensor_specific_force,raw_fd,s5_freestyle1,15350,3.678643042834894,3.0232853398176887,0.9117886320964008,0.9108041273175916,1.5961962396178793,3.678643042834894,3.7267074075210282,10.982499018800228,1.655784289598635,2.875572297810336,0.5253693518940109,0.9435035495578159,2.0028486001400454,3.2501337086737534,-0.08842208500569387,0.7861271624424219,1.8285644502128062,2.930610443862856,0.6253702175668315,0.8983819287001213
old_footlock_rjs,baseline,baseline,sensor_specific_force,raw_fd,s5_freestyle3,17795,8.750150461586339,8.628815159641665,0.6084841556645579,0.6081696930218439,4.203826738178584,8.750150461586339,12.116279135006168,27.719624451407174,3.990107189561363,7.641799880003734,1.1918030456882356,0.7699291398384378,5.273375915678514,10.466316213242878,-0.49035369276964824,0.2595028512821333,3.689691099932753,7.445030066841208,1.5657506955993024,0.6303627046756483
old_footlock_rjs,baseline,baseline,sensor_specific_force,raw_fd,s5_rom3,28765,1.5991783585456267,1.9768077570426692,0.9449943797815623,0.9451152828546966,0.5887033081684313,1.5991783585456267,3.0275295708665704,4.22136079968344,0.6432405227624556,2.052922354012464,-0.055196941603022805,0.9624878528966518,0.9128402312519281,1.7897825715446944,-0.07483008340569915,0.8314309199093018,0.8077769716798426,2.0749686455228638,0.3408181856665382,0.9017428904266781
old_footlock_rjs,baseline,baseline,sensor_specific_force,raw_fd,s5_walking2,18670,4.2500886537916385,4.095095295153809,0.8374200924105276,0.8383612807211729,1.9078076475190269,4.2500886537916385,5.6785704947710345,11.643255333373643,1.7683721133150374,3.306315763395097,0.27371226770558404,0.9262323708027957,2.3839385640988793,4.536813491409115,-0.1345755951536523,0.42848719755901044,2.1499333805723575,4.335321884943021,0.2667988175397843,0.7743633752659838
old_footlock_rjs,baseline,baseline,sensor_specific_force,savgol15_p3_fd,s5_freestyle1,15350,3.436528117681632,2.925786845361853,0.9164713233318832,0.9154652507168031,1.5233259809543886,3.436528117681632,3.724373838628573,10.81574465011439,1.59770580336292,2.831442264321203,0.5290106715718392,0.944834399027838,1.8596729753763672,3.1378462248721037,-0.09448473584483372,0.7979306832803,1.6774819670769507,2.795986724995113,0.6459324935087247,0.905440260913026
old_footlock_rjs,baseline,baseline,sensor_specific_force,savgol15_p3_fd,s5_freestyle3,17795,7.093445287705939,6.663540541574082,0.722927471684249,0.7227572350739241,3.5589513692805026,7.093445287705939,9.104468770770024,22.199142533387892,3.5129559526784133,7.2392575346339765,1.2040127340057802,0.7875413647725585,3.9313865822569682,6.6704866066703765,-0.4607169573539806,0.49727033829363854,3.1165067217674984,6.025452383438155,1.5001885927881589,0.7119972406998927
old_footlock_rjs,baseline,baseline,sensor_specific_force,savgol15_p3_fd,s5_rom3,28765,0.9808552402016424,0.9479884106737813,0.986609611563313,0.9865970619943576,0.36070079343363837,0.9808552402016424,1.3168025964754106,3.1238554216424586,0.41457992835240015,0.8964060020494189,-0.054582170905516945,0.9926127082207862,0.5099674474929583,0.983771886001016,-0.07630084555904773,0.9423303324436095,0.5184170577061329,0.9616107508338217,0.34160689301679636,0.9792151768883937
old_footlock_rjs,baseline,baseline,sensor_specific_force,savgol15_p3_fd,s5_walking2,18670,3.191588104977345,2.8317756795066678,0.91384025326843,0.9144231290051947,1.5284666853554065,3.191588104977345,3.724328914758131,9.585093855239506,1.4509770008374951,2.8051801176548636,0.272794815311787,0.9457229358856022,1.7532037285656272,2.8551538409845776,-0.1054193389028676,0.5792768585213812,1.537277654508166,2.8347701051339618,0.29499440345535366,0.8879512410867635
old_footlock_rjs,baseline,baseline,sensor_specific_force,savgol9_p3_fd,s5_freestyle1,15350,3.396448506446365,2.8810340918689037,0.919275100411009,0.9182681458401438,1.4896699582996655,3.396448506446365,3.6558459839811204,10.691790748607485,1.5666728406151158,2.797841685804866,0.5274819168626418,0.9463424910350954,1.8411854907609126,3.0737366087456417,-0.0918848496726769,0.8064695716751984,1.6635775594547613,2.761394118332633,0.6378733080549827,0.9084853603892415
old_footlock_rjs,baseline,baseline,sensor_specific_force,savgol9_p3_fd,s5_freestyle3,17795,7.4960201889453675,7.099449753636686,0.6936893035217728,0.6933874870971993,3.6186866489111154,7.4960201889453675,9.747627492890743,23.945933651437677,3.6101326265080544,7.3085337237762245,1.1969358931239786,0.7832999421579276,4.321728004698646,7.662606170503527,-0.4868364740845969,0.4170532101417674,3.202882669075292,6.2511088534293595,1.5501827163159982,0.7004500100104838
old_footlock_rjs,baseline,baseline,sensor_specific_force,savgol9_p3_fd,s5_rom3,28765,1.0509022880111376,1.0017772475461566,0.98507610819031,0.9850669155687135,0.3758590709931186,1.0509022880111376,1.3806800288830197,3.4319578774918997,0.44359219664245475,0.9625486378605911,-0.05406841016318071,0.9914752795023318,0.5619143415286396,1.048168119104002,-0.07556653695001266,0.9345237064605146,0.5466800975622776,0.9927319250181087,0.34129656118045615,0.9775955404836127
old_footlock_rjs,baseline,baseline,sensor_specific_force,savgol9_p3_fd,s5_walking2,18670,3.22886536391448,2.7867144153559016,0.9168560048235803,0.9174020544199945,1.4811648423541879,3.22886536391448,3.587723534495177,9.082837417099398,1.4004714592130747,2.6109815273959693,0.27434882550055373,0.9532300900185454,1.793717970205091,2.8490590793539234,-0.11865242685742845,0.6030564398691812,1.6026029135603523,2.8918799290781654,0.2837013604296038,0.8833053159759499
vertex_baseline,baseline,baseline,model_world_linear_acc,raw_fd,s5_freestyle1,15350,2.7923383941003457,2.2771790892254082,0.8715901510676902,0.8715212562471234,1.3923211335781083,2.7923383941003457,2.7855843383479666,7.3412937703893775,1.52175191443098,2.3782976889646834,-0.16455255548891395,0.8199683954503181,1.1268127453676653,1.9931030552438485,0.042742480392953086,0.9133861670161981,1.514507882606226,2.434722597557935,0.2967978649584012,0.8672485468511466
vertex_baseline,baseline,baseline,model_world_linear_acc,raw_fd,s5_freestyle3,17795,4.509240849557788,5.098098932170713,0.7749801221485431,0.7749811605053435,2.527150331623016,4.509240849557788,7.592007977292955,13.256766261152286,2.268340137822804,4.668011079642636,-0.05036682521766844,0.7809262756434823,2.062473951142368,4.730286080338025,0.03291150753536262,0.8118808716691648,2.3965947025042342,5.814284506720875,0.0361074735456829,0.741006070083272
vertex_baseline,baseline,baseline,model_world_linear_acc,raw_fd,s5_rom3,28765,1.2336301966170315,1.746401691020768,0.4985696156940952,0.49818913999843717,0.6647338246051551,1.2336301966170315,2.761867690023405,2.75306802254149,0.6007826456999383,0.9699832031462166,-0.003013545746579779,0.6034414404567824,0.4726498406098736,2.1073314900480384,0.004284869325320534,0.4781412127361431,0.7233102459195654,1.9411448106379685,0.15252150309843726,0.49529356122460005
vertex_baseline,baseline,baseline,model_world_linear_acc,raw_fd,s5_walking2,18670,3.7476617620815427,3.7810329102487197,0.6282442196621046,0.6282523589471048,1.9580744451228713,3.7476617620815427,5.370629471689848,11.000764260565743,2.0262618163686366,4.2603535020669465,-0.040837661710672025,0.6239743990954818,1.608599404281132,3.258426322954968,0.04106689313547331,0.601856377320709,1.9838283547584863,3.7577487330117982,0.017991609251337155,0.6622968271894628
vertex_baseline,baseline,baseline,model_world_linear_acc,savgol15_p3_fd,s5_freestyle1,15350,2.7112282000859933,2.382373842186775,0.855671025220153,0.8556015593884577,1.4656322233329988,2.7112282000859933,3.1106843328865423,8.04337877666893,1.4537892719349712,2.4614877835378124,-0.16427707128044738,0.7970478460513394,1.1131103320439204,2.048717475423893,0.042566249037118996,0.9084916336184495,1.4795032022223604,2.6021049112582273,0.2990913678043149,0.8422025132213159
vertex_baseline,baseline,baseline,model_world_linear_acc,savgol15_p3_fd,s5_freestyle3,17795,4.279794456968214,4.881422461063216,0.7767792787975727,0.7767786501812145,2.5625753736129044,4.279794456968214,7.291653799805745,13.867083704289438,2.099634893366559,4.4015390043948575,-0.0482681823208254,0.7918037109041921,2.080628779659482,5.393236967074289,0.028714568627855354,0.740208588060196,2.207027742921381,4.798364840223329,0.06617960136945862,0.8001732193322338
vertex_baseline,baseline,baseline,model_world_linear_acc,savgol15_p3_fd,s5_rom3,28765,0.7393550018837078,0.7518145054996183,0.8162414742474592,0.8155851324502591,0.4223800034828509,0.7393550018837078,1.0719278582201552,2.105741314951597,0.36011278070870434,0.6840378293201153,-0.0029719924921545126,0.7450504722451997,0.2872759196734956,0.755706204596008,0.0005588267013989421,0.8429811397298479,0.4291511154106781,0.8103551890578773,0.15940385920578554,0.8286568801484955
vertex_baseline,baseline,baseline,model_world_linear_acc,savgol15_p3_fd,s5_walking2,18670,2.7906047643255545,2.707664486148028,0.7580858884997161,0.7580829399264224,1.5500281449294837,2.7906047643255545,3.769199644216967,9.70882056144368,1.4246741584209346,2.5728322780411,-0.022185738281365313,0.8074207206100711,1.3395930686866067,2.9664402712308635,0.04171542513102441,0.6332224073033333,1.4116496795401312,2.5641971638178287,0.03570113925200433,0.7968528860335123
vertex_baseline,baseline,baseline,model_world_linear_acc,savgol9_p3_fd,s5_freestyle1,15350,2.54866862378784,2.213663405077493,0.8768067993691954,0.8767341386540771,1.3137334036616333,2.54866862378784,2.8644729461206704,7.314977981402219,1.3761575160764086,2.2710277939163284,-0.16263757107639837,0.8306304730489543,1.042064011123893,1.9397340370838587,0.04271245298888959,0.9179319718995272,1.3839655125161165,2.404325609724217,0.2984205804168814,0.8677514187021071
vertex_baseline,baseline,baseline,model_world_linear_acc,savgol9_p3_fd,s5_freestyle3,17795,4.007328490237519,4.644603071077648,0.8004107917093375,0.8004110741117118,2.279857144286718,4.007328490237519,6.975552410735829,12.84222223352466,1.9640256986266929,4.148946710452847,-0.048714616250986796,0.8174046053260222,1.9433875075189475,5.147839065283704,0.029405923029049357,0.7669332262232079,2.065137338809445,4.582903797305071,0.05356535493864893,0.8192948667452236
vertex_baseline,baseline,baseline,model_world_linear_acc,savgol9_p3_fd,s5_rom3,28765,0.7577830971005843,0.7703203297359261,0.811391323835011,0.8107534073071894,0.4028367663942197,0.7577830971005843,1.0981552754333261,2.0928201219065414,0.36646486351171964,0.6785119282511927,-0.003462379645813932,0.7539247666455301,0.29382617860673427,0.7918777108601058,0.0004949121234471304,0.8318688478800305,0.44365987323021217,0.8323049233767664,0.15853768750110875,0.8233913207516026
vertex_baseline,baseline,baseline,model_world_linear_acc,savgol9_p3_fd,s5_walking2,18670,2.7608885921977215,2.6359025116904875,0.7743514074583433,0.7743529379999027,1.4578031068356727,2.7608885921977215,3.6361298567131985,9.077480108026203,1.435451720299296,2.552222129217176,-0.028688625205382026,0.8129137245853317,1.302521973671606,2.8245046209628137,0.04123496100926063,0.6766112262982616,1.4124504248027494,2.520373385572565,0.028678101151842418,0.80672461358461
vertex_baseline,baseline,baseline,sensor_specific_force,raw_fd,s5_freestyle1,15350,2.7923383481344173,2.2771790243972805,0.950279831798494,0.9501129830068012,1.155662826451718,2.7923383481344173,2.785584225436884,7.341291762180313,1.1542501227023334,1.9009692357405648,0.16624965086708726,0.9748415285955133,1.4422424363660395,2.3257842958624395,-0.06628062046181614,0.8980615713631647,1.570255595798104,2.5561056905676725,0.4484290948004294,0.9215233124236908
vertex_baseline,baseline,baseline,sensor_specific_force,raw_fd,s5_freestyle3,17795,4.509240738065102,5.098098797483218,0.8530801602465264,0.8550486991531191,2.336977819629343,4.509240738065102,7.592007772182114,13.256758879783595,2.059312312102372,5.279005956683776,0.008960106891312554,0.8926948692333672,2.381904173018797,4.96006016782456,-0.1697663396749624,0.7536591035504766,2.2943250937984305,5.049924087306356,0.2762927506075378,0.8131699553713496
vertex_baseline,baseline,baseline,sensor_specific_force,raw_fd,s5_rom3,28765,1.2336301721150247,1.7464018262669405,0.9565530749102944,0.9567053790880712,0.4830755164676613,1.2336301721150247,2.7618679575267473,2.7530676370006195,0.4816823920431019,2.0079244882270846,-0.02452275673423554,0.9645289272184554,0.644764758343311,1.3055265808032601,-0.09546085292072555,0.9059870178966426,0.695267911975527,1.8475923827402145,0.23978181985937427,0.9185763940459454
vertex_baseline,baseline,baseline,sensor_specific_force,raw_fd,s5_walking2,18670,3.7476617410470987,3.781033012907443,0.8590449370854709,0.8602866631665794,1.6915505856070405,3.7476617410470987,5.3706297031893415,11.00076412791297,1.594579700715331,3.1759535935117795,-0.06671101009172907,0.9304020471208396,1.953545495099929,3.6691907374230617,-0.09344593706338537,0.5552461905364087,2.0248440466637967,4.3976118562642865,0.19803556719215037,0.7722116215520693
vertex_baseline,baseline,baseline,sensor_specific_force,savgol15_p3_fd,s5_freestyle1,15350,2.7112280474622303,2.3823737021404,0.9449716122032401,0.9447965441772398,1.180712976292923,2.7112280474622303,3.1106841441400976,8.04337806290562,1.1509785869350349,2.0435716285118515,0.1748924296803923,0.9711672294560061,1.4296271356642585,2.5777090829509963,-0.05803483900062058,0.8688104822367808,1.4596985004057426,2.4912535504769124,0.47685725879240953,0.9243086430583709
vertex_baseline,baseline,baseline,sensor_specific_force,savgol15_p3_fd,s5_freestyle3,17795,4.279794177336326,4.881422134869617,0.858517722668971,0.8605580483931787,2.3176390615966524,4.279794177336326,7.291653308819834,13.867079335741916,1.9873715885095817,5.504098119614169,0.04670956117566577,0.8801870838459505,2.3167927070506713,4.669643791130795,-0.1571848234469627,0.7643000004326365,2.055014809932442,4.402746521206795,0.35313175398604274,0.8446289976145982
vertex_baseline,baseline,baseline,sensor_specific_force,savgol15_p3_fd,s5_rom3,28765,0.7393548469340618,0.7518144105663175,0.9915569058188997,0.9915732680492552,0.28963770221634005,0.7393548469340618,1.0719277653464567,2.105741909144472,0.27520528947716977,0.6816461400408739,-0.02306270643270991,0.9957249494020942,0.38954076952905287,0.7905785291875201,-0.09538810353371081,0.9634851017420533,0.4186897580259581,0.7784721271571726,0.24220581318372655,0.9862333457625665
vertex_baseline,baseline,baseline,sensor_specific_force,savgol15_p3_fd,s5_walking2,18670,2.7906045323798288,2.7076642405597307,0.9213349325204273,0.922093707757332,1.361733375271809,2.7906045323798288,3.7691992866759985,9.70882096789063,1.2597596450501043,2.662880784947835,-0.0597797910954472,0.9509620053098451,1.4819977051945523,2.6692770133832435,-0.07267951341142183,0.645128057747425,1.4206094128064155,2.7889716868044996,0.22610215969360584,0.8912592211452661
vertex_baseline,baseline,baseline,sensor_specific_force,savgol9_p3_fd,s5_freestyle1,15350,2.5486685019087227,2.2136632868349713,0.9527252181281519,0.9525484617648088,1.0682798689156756,2.5486685019087227,2.8644727804294754,7.314980476359213,1.0759504635883725,1.9096796880683684,0.16837300375961423,0.9747402192074239,1.3299888709767262,2.326697673833604,-0.06257592022294692,0.8949285347405609,1.397907800276391,2.37497723483814,0.461302780718207,0.9317727222836516
vertex_baseline,baseline,baseline,sensor_specific_force,savgol9_p3_fd,s5_freestyle3,17795,4.007328264479091,4.644602795878661,0.8728725896648968,0.8746886278538134,2.115755781327347,4.007328264479091,6.975551990714327,12.842222477536337,1.8375531945531212,5.251250580478941,0.018848043021011767,0.89130670921955,2.156426976552328,4.395983919060225,-0.16910339053991322,0.794955182226055,1.9643613914572433,4.220983074928768,0.31288572102492684,0.8584341986723472
vertex_baseline,baseline,baseline,sensor_specific_force,savgol9_p3_fd,s5_rom3,28765,0.7577829615559514,0.7703202632619327,0.991143379597882,0.9911610128625209,0.29348268941032174,0.7577829615559514,1.0981552290779713,2.09282147151639,0.2867552018556609,0.7413862424729623,-0.022625265920659138,0.9949459993775085,0.39080452419477985,0.7579682543512977,-0.0959917385533172,0.9665272554648082,0.43782197564024355,0.8099447443148627,0.24071696374369422,0.984774800947016
vertex_baseline,baseline,baseline,sensor_specific_force,savgol9_p3_fd,s5_walking2,18670,2.76088840288294,2.6359023150835723,0.9257978418300773,0.926510050334504,1.2779943543466281,2.76088840288294,3.6361295728858867,9.07747833635214,1.1973139633643817,2.5108571456413995,-0.06316699474517717,0.9564999533516715,1.4853413644058366,2.6100928914682076,-0.08084914288092775,0.6760204890516118,1.437088138978024,2.779740012317243,0.2146280113061204,0.8927978880374887
