method,target_filter,sensor_id,sensor_name,sensor_group,num_frames,mean_l2_error,rmse,pearson_correlation,cosine_similarity,magnitude_mae,residual_mean,residual_std,residual_p95,x_mae,x_rmse,x_bias,x_pearson_correlation,y_mae,y_rmse,y_bias,y_pearson_correlation,z_mae,z_rmse,z_bias,z_pearson_correlation
bspline_q_knot10,centered_ma21,0,left_forearm,other,16028,4.4960887629871245,3.8020741079433096,0.8103365548765423,0.8234092769829732,1.937605757500246,4.4960887629871245,4.811703274540072,13.747624664721656,2.4066974752281505,4.484820802795725,2.1606447925097476,0.5515512174518308,2.37597579653354,3.607520236765453,0.13409228166506346,0.4118192960312334,2.026010778509783,3.1999191669505,0.905763295473606,0.48088376386313597
bspline_q_knot10,centered_ma21,1,right_forearm,other,16028,4.964646804781843,4.501740259735962,0.78874901785289,0.7751414243492774,2.3097212704924033,4.964646804781843,6.012426981024573,15.53993415138362,2.9674822299877626,5.96832788451454,2.657870895650006,0.42697702305924823,2.211681458205319,3.4299423382042646,-0.43194860919921085,0.45361459330096976,2.2278799432117267,3.6621788484320223,1.1522374822306176,0.5084363774843335
bspline_q_knot10,centered_ma21,2,left_lower_leg,lower_leg,16028,2.433335617577812,2.0589201802754364,0.9309561257421287,0.9400513936305841,0.7451096140612755,2.433335617577812,2.606978077864008,7.576056573269352,0.952741221888286,1.7248203426822044,-0.5550068730394521,0.5095919717484866,1.0738664953382608,1.7515015303258825,-0.348843479727018,0.2917746920141116,1.5757347962794548,2.5835429357709625,0.5268046575095832,0.5261035681605621
bspline_q_knot10,centered_ma21,3,right_lower_leg,lower_leg,16028,2.479601720234271,2.1264745217456924,0.8915304454514756,0.9350592649656985,0.7411448739782586,2.479601720234271,2.7234641513910103,7.912744547965544,1.0032287370189252,1.7947901997625226,0.3440872579846705,0.47790928776676017,1.0033978683101048,1.811877564782945,-0.19523475181519112,0.13991593390882934,1.6347514591731604,2.6573500905927587,0.5804178399174986,0.45018323255652043
bspline_q_knot10,centered_ma21,4,head,other,16028,1.355366641594797,1.027367737872362,0.9822451197339445,0.9837104479046151,0.5861492904452905,1.355366641594797,1.1530111332137973,3.4783644152023068,0.6993964044359449,1.049173714371625,-0.11429781764741137,0.9366842517848335,0.716659754689542,1.0887716803549035,-0.04033000304048225,0.885770349111555,0.5924828273023632,0.9382239346721711,0.1498351041750533,0.9008245818006723
bspline_q_knot10,centered_ma21,5,pelvis,other,16028,1.339085750158967,0.9342871282265411,0.9797576576163664,0.9866347221956556,0.4788528099299772,1.339085750158967,0.9085849809624794,3.1733167167595067,0.739028667438988,1.0158424312992491,0.10768402357339288,0.6201661434734611,0.49957543803113513,0.7906725426897203,-0.09506626568835982,0.7331602451507511,0.7435775094452105,0.9806010396272251,0.39216348958688607,0.8758673399187086
bspline_q_knot10,lowpass_5hz,0,left_forearm,other,16028,5.38370791627096,4.649244791917818,0.7485007673680498,0.7690348709861711,2.744398407496624,5.38370791627096,5.988499017099883,16.902034536541272,2.7973383933984186,5.415429560676436,2.160332267839168,0.4939783971158712,2.7868555998315703,4.418003386941977,0.1342265400034883,0.33878100285943913,2.4685736764868302,4.000100017730295,0.9062186972592672,0.38592616922659584
bspline_q_knot10,lowpass_5hz,1,right_forearm,other,16028,5.910114878247417,5.421460919715661,0.7311535612775802,0.7191861954375549,3.1985582914454103,5.910114878247417,7.297071853691113,19.09534381865623,3.3963856138990787,6.920229853659444,2.6574795132968583,0.3912428768787932,2.752778455345868,4.5025718674735895,-0.4326632713979435,0.3670545058080913,2.66982210772804,4.473698789901768,1.153001006719991,0.4216267442423327
bspline_q_knot10,lowpass_5hz,2,left_lower_leg,lower_leg,16028,3.2538417763084815,2.800462458730326,0.8831065434169171,0.8975513343685093,1.3530912881672796,3.2538417763084815,3.5972605748018007,10.565534672990648,1.4039086042937865,2.7006955201850844,-0.5550804485180059,0.3531090218484068,1.4581036075244143,2.471299325314486,-0.3490485675998786,0.1402906388434828,1.9303647120396308,3.1822465806763143,0.5269836582538723,0.45612767219128514
bspline_q_knot10,lowpass_5hz,3,right_lower_leg,lower_leg,16028,3.4200575269719975,3.0322362113106993,0.8091881260627573,0.8802905361334391,1.457121645886828,3.4200575269719975,3.9857967629764794,11.795117896884763,1.5510342058690558,3.01799988648454,0.3398328093676599,0.30603496770845967,1.43633515886865,2.6357970846451186,-0.19258449518515722,-0.004397622280833817,2.0407401869099338,3.3952348574593767,0.5770226184129598,0.392872221725467
bspline_q_knot10,lowpass_5hz,4,head,other,16028,2.2380485280708884,1.8358658468566766,0.9469592216418997,0.9510818503691569,1.2846392114928988,2.2380485280708884,2.2588379775814107,6.894221074674119,0.9943382160437397,1.570491532913205,-0.11460596405668329,0.8790888828779125,1.0342105490648197,1.7059083404445081,-0.04041677703056113,0.7983639775476364,1.213237564765608,2.1759235515095985,0.14954876500069245,0.6682302354077522
bspline_q_knot10,lowpass_5hz,5,pelvis,other,16028,2.2266320032663636,1.8187664111533988,0.9279933774367195,0.9521652011163294,1.1960519207748643,2.2266320032663636,2.2284173076534524,6.668870073296397,1.0125952123592799,1.5242749381697378,0.10815182159615531,0.46458271785545435,1.2496981675119985,2.3699812117867607,-0.09512873051029386,0.33217346154944466,1.0249553816334203,1.4083709538558526,0.39170694086297503,0.7842668228253427
bspline_q_knot15,centered_ma21,0,left_forearm,other,16028,4.5526039419428175,3.83331054119645,0.8069390762535001,0.8203974531482252,1.9565239561480123,4.5526039419428175,4.832867312843399,13.836485653458526,2.4180174603441063,4.506837033652896,2.1341175660779776,0.5419681680694236,2.4295700886191027,3.6748331938810366,0.11195125423041064,0.3933060641520074,2.0449300235862173,3.2041894552270658,0.9327955290034385,0.4845960983440085
bspline_q_knot15,centered_ma21,1,right_forearm,other,16028,5.012144517006388,4.512064817038427,0.788413399607953,0.774041849992785,2.3205328471707456,5.012144517006388,5.996214979477541,15.396273490219512,2.9964099848029564,5.980378938955371,2.6968489124905823,0.4315730254968214,2.2303992694695403,3.4528111849640615,-0.39710794817229633,0.4503705372676978,2.256599395022106,3.659145994211511,1.1634963857234688,0.50972029269357
bspline_q_knot15,centered_ma21,2,left_lower_leg,lower_leg,16028,2.53329620773482,2.114101103107494,0.9270580143287886,0.9366943709385797,0.7870987721340577,2.53329620773482,2.6439895511059324,7.716441900205129,0.9990337290462931,1.7911181331149932,-0.5490234552873082,0.48483439280505464,1.0918038921987656,1.7723264322810002,-0.31728608949563064,0.3102902679181346,1.6443650994096075,2.6568826231404605,0.5332941078005637,0.5057552782351712
bspline_q_knot15,centered_ma21,3,right_lower_leg,lower_leg,16028,2.5600955612974508,2.180074789043101,0.8862130395458877,0.9317303754358438,0.7990329366185079,2.5600955612974508,2.7756240693741385,8.100007208035754,1.0383004780870608,1.8702807472018719,0.32601515388595964,0.46670928204958295,1.0509710291645635,1.8769765812009285,-0.22243226275272174,0.1048507235550124,1.6682574320703463,2.6902020551871644,0.6061497699391409,0.44194391266895905
bspline_q_knot15,centered_ma21,4,head,other,16028,1.4774442084441397,1.2065241473581478,0.975628671839306,0.9776456333228852,0.6437557315320518,1.4774442084441397,1.47792427593899,3.8914132332493767,0.7367252069436627,1.1269975923931643,-0.07619266059496488,0.9245478321051499,0.7868163692107499,1.2762071424221935,-0.05928936321716208,0.8361771355249421,0.6707498081419399,1.2117232814654955,0.1825176740166554,0.8295350167933656
bspline_q_knot15,centered_ma21,5,pelvis,other,16028,1.3600257546910934,0.9447719839725586,0.9793174587513107,0.9863327235176517,0.4862785480578468,1.3600257546910934,0.9100067316648023,3.202456130053754,0.7268772003673379,1.0032054716986123,0.15011292373244828,0.636992473750403,0.5166745660626679,0.815621548664189,-0.0816227458061807,0.7136620527093706,0.769650619244715,1.0030566165510943,0.3611601214030957,0.864701167386092
bspline_q_knot15,lowpass_5hz,0,left_forearm,other,16028,5.4338503992371505,4.67369987035604,0.7454992959483311,0.7663391005672536,2.7647322466113855,5.4338503992371505,6.000306764925311,17.090872989052304,2.811238568553565,5.431506728216695,2.1338050414073986,0.48703230626168426,2.8356885510007412,4.475656603593464,0.11208551256883546,0.32311527649565625,2.4821714165369473,3.9997054969766443,0.9332509307890996,0.3903492713186203
bspline_q_knot15,lowpass_5hz,1,right_forearm,other,16028,5.96103203132034,5.433631760435865,0.7303844061492668,0.7177182899846432,3.2070990737886076,5.96103203132034,7.282798874445519,19.091823814223883,3.422125974898863,6.93025816090788,2.6964575301374345,0.39471351698642543,2.775119777261077,4.532248342590346,-0.397822610371029,0.3602381346978858,2.692061454848062,4.472505909253652,1.1642599102128421,0.42224272982408373
bspline_q_knot15,lowpass_5hz,2,left_lower_leg,lower_leg,16028,3.342110657437245,2.839836944760558,0.8795418487363365,0.8944580765304541,1.3867136265909537,3.342110657437245,3.608921995821649,10.647798418815116,1.4445561530719637,2.74278551338575,-0.5490970307658621,0.3363415049604636,1.4829526959800516,2.4833993211575702,-0.3174911773684912,0.1586862349349553,1.9884520910114647,3.2409685369834,0.533473108544853,0.44030497365676524
bspline_q_knot15,lowpass_5hz,3,right_lower_leg,lower_leg,16028,3.496933580590277,3.0712084779452105,0.8042045327181131,0.8770567394797036,1.4998941303561828,3.496933580590277,4.008543386062783,11.791412756217829,1.5835704521522658,3.0596222681314242,0.321760705268949,0.3003160176505214,1.4845129652144373,2.6808259771659886,-0.21978200612268783,-0.02348107525659327,2.075220460884612,3.427659289006706,0.6027545484346022,0.38386796774884735
bspline_q_knot15,lowpass_5hz,4,head,other,16028,2.343224289455189,1.9412849908170529,0.9406155992731331,0.9452450597860964,1.3408428634365939,2.343224289455189,2.4114440022571375,7.31460214498085,1.0247284259717453,1.617198462801623,-0.07650080700423681,0.8684265592075676,1.0948030937817057,1.8333367198228392,-0.05937613720724096,0.753258342822759,1.2865931026678286,2.308529369615209,0.18223133484229453,0.6152185065062737
bspline_q_knot15,lowpass_5hz,5,pelvis,other,16028,2.2477713645372757,1.8247793522387148,0.9275249185238968,0.9518396283684348,1.203431638130464,2.2477713645372757,2.2219322550060934,6.725671199074652,1.004473013458631,1.5172798372878362,0.15058072175521073,0.47558747194940876,1.265042814384985,2.3792328032316563,-0.08168521062811473,0.3224363106947008,1.0413408114367233,1.42357726044513,0.3607035726791847,0.7753490064447837
bspline_q_knot21,centered_ma21,0,left_forearm,other,16028,4.772712163769993,4.058050830096072,0.7831136861525425,0.7992017145336182,2.012797936675108,4.772712163769993,5.1598980823977705,14.722909961371654,2.497065293805261,4.681325785037678,2.130436761129895,0.5204090999456942,2.544849077881671,3.8588890352382115,0.017255079382114596,0.3796585651448727,2.1973943914852483,3.5492948492608947,0.8872586437636255,0.4165502278276192
bspline_q_knot21,centered_ma21,1,right_forearm,other,16028,5.323725653716621,4.941957311214717,0.7425700728372469,0.7290306520482631,2.408162882579009,5.323725653716621,6.702743569730631,16.576009270124977,3.165864189033721,6.484226446209389,2.6657146718348192,0.350628956037176,2.370334686045892,3.7496962614846416,-0.3407712685653557,0.3923276932403978,2.414820833434701,4.142874791553885,1.166091554235059,0.43085766177266777
bspline_q_knot21,centered_ma21,2,left_lower_leg,lower_leg,16028,2.7182153516715886,2.31271705548194,0.9128820248134596,0.9242643344805871,0.8541639910126602,2.7182153516715886,2.942326602892355,8.503055906934796,1.074818224255679,1.9662729672962953,-0.5254373621167199,0.42689231316308307,1.1909405081938562,2.05884192434946,-0.31703072904455315,0.2516457340997068,1.7405338690688954,2.817963996358364,0.5339457336790914,0.47776055960413016
bspline_q_knot21,centered_ma21,3,right_lower_leg,lower_leg,16028,2.7131056682385033,2.3192599594735746,0.8731789576640799,0.9229573409964409,0.8426047939339829,2.7131056682385033,2.962424330143169,8.7222172768611,1.1083524113671823,1.9650845158887917,0.3172204455662689,0.41944337561251643,1.137176052029266,2.0728440323362984,-0.15958001315456372,0.07798697362767083,1.7484327174959464,2.8246523222998623,0.5846467726778158,0.4373912088727943
bspline_q_knot21,centered_ma21,4,head,other,16028,1.7347231853730205,1.5701632248784512,0.9596271916098156,0.9629356472504235,0.7779014265471735,1.7347231853730205,2.094510235929004,5.77314015159021,0.9061391618497466,1.5897245886782563,-0.06652165128165205,0.8534350090595055,0.9258728950233415,1.7018254626305231,-0.05124068604460549,0.731555138464215,0.7560757432514832,1.404565229947063,0.19134640151640392,0.7846207813791338
bspline_q_knot21,centered_ma21,5,pelvis,other,16028,1.3898110583110161,1.0029348211162716,0.9763444575340746,0.984602499032638,0.5047919725204983,1.3898110583110161,1.0421420193135853,3.5310180258067048,0.7432276711366459,1.081206395186935,0.15771184024672888,0.6031078852685886,0.524227956463082,0.8401706819696466,-0.07257723078826159,0.6920043487876036,0.7867861692516029,1.068990515574444,0.3181130338444351,0.8425124373110903
bspline_q_knot21,lowpass_5hz,0,left_forearm,other,16028,5.637133877362566,4.856347851206867,0.7239002725600734,0.746870668052277,2.811970667923804,5.637133877362566,6.243001281791952,17.54782204658956,2.887840065845045,5.567553930161813,2.130124236459316,0.46850807250319576,2.9507622004796503,4.628160861767826,0.017389337720539425,0.3114509333888821,2.6165981659259137,4.281917050586676,0.8877140455492867,0.3352639238777798
bspline_q_knot21,lowpass_5hz,1,right_forearm,other,16028,6.255838315264217,5.78472464580463,0.6893234822949481,0.6773833735886959,3.292259878492959,6.255838315264217,7.826468210924431,20.691632145307047,3.5971289372151936,7.367385065591773,2.6653232894816714,0.32547225507718064,2.904774783361428,4.765273385988524,-0.34148593076408834,0.3137017898305834,2.83904109148207,4.837656926180615,1.1668550787244323,0.3686006035443968
bspline_q_knot21,lowpass_5hz,2,left_lower_leg,lower_leg,16028,3.5087933470873733,2.9902103498365715,0.8661241479597415,0.8826150689209014,1.4402426004397126,3.5087933470873733,3.8095200558921642,11.197300796806662,1.510802280396119,2.8592201648369033,-0.5255109375952738,0.29697253113518424,1.5809904538620683,2.696573363631656,-0.31723581691741365,0.12797522043493934,2.071354260410691,3.373044018739088,0.5341247344233805,0.4165075027149059
bspline_q_knot21,lowpass_5hz,3,right_lower_leg,lower_leg,16028,3.63692088834967,3.1688701182295205,0.7927023269319734,0.8690182812369299,1.5273874006972092,3.63692088834967,4.110720123106143,12.238174929338138,1.6406288412172976,3.118870648471923,0.31296599694925825,0.27045429963792605,1.5677226968594538,2.8250415162550504,-0.1569297565245298,-0.0294943554966765,2.156605002494414,3.5237763533118303,0.581251551173277,0.3789426381937321
bspline_q_knot21,lowpass_5hz,4,head,other,16028,2.5760893742601954,2.1862969296951555,0.9251498586367255,0.9309854611223216,1.4309433018555264,2.5760893742601954,2.7755083012318855,8.510729627303457,1.1793345585987296,1.9727507652064333,-0.06682979769092398,0.800632575311597,1.2348479434792128,2.1492123766035798,-0.05132746003468437,0.6591618117707911,1.3401793032271987,2.41429562668179,0.19106006234204306,0.5819430688061238
bspline_q_knot21,lowpass_5hz,5,pelvis,other,16028,2.280440273306366,1.8584500113799025,0.924451249313822,0.9500097297208079,1.2127187952361353,2.280440273306366,2.2718057782909766,6.961487177388116,1.0190499936166013,1.5736340462762175,0.15817963826949133,0.4470262782299545,1.2661547310406769,2.3904336233386996,-0.07263969561019562,0.3095962548168015,1.0605533255922899,1.4734355483719117,0.3176564851205241,0.7540140555908236
bspline_q_knot30,centered_ma21,0,left_forearm,other,16028,5.077241298810865,4.378698532597392,0.7555071481491001,0.7726873439710265,2.2783741031933515,5.077241298810865,5.6338817268168695,16.862799842289864,2.6467257879291166,4.976493737749282,2.048215913588178,0.4860928863170911,2.7324828391761256,4.309568706442922,0.027323289686776112,0.32328612766984,2.3070094290188705,3.7657841362326825,0.8644260384740324,0.4648265028119115
bspline_q_knot30,centered_ma21,1,right_forearm,other,16028,5.673406263819973,5.299594663615812,0.7134116504261603,0.7035776279151585,2.6589667840610764,5.673406263819973,7.215924899936518,18.58335372309159,3.2440684743899473,6.3848140559119075,2.519829509006721,0.44485140958314345,2.5963921234344842,4.409487939977572,-0.46253987263892854,0.3144125178694296,2.6723823152320727,4.903843020988503,1.0996528040802234,0.36683041352601636
bspline_q_knot30,centered_ma21,2,left_lower_leg,lower_leg,16028,3.1313152722132056,2.9177679669919363,0.8667250058420279,0.8834069911941204,1.1270476100866087,3.1313152722132056,3.9667334664200857,9.997937733592414,1.2226262768494147,2.374561695213545,-0.5195070516718084,0.3396368976493423,1.4385582855018617,2.920696325259606,-0.3041283336902375,0.11350809300419518,1.9612079776789544,3.3721060865358883,0.5756470620252115,0.4381389933373001
bspline_q_knot30,centered_ma21,3,right_lower_leg,lower_leg,16028,3.0938223714272244,2.930012633217569,0.8124115519333448,0.8816577663940054,1.1135751793047786,3.0938223714272244,4.02283298516109,9.573823479005933,1.2637453064723867,2.528294784355373,0.28543301719494885,0.30979254052410543,1.3348131552923546,2.8772063411322426,-0.1750156034489681,0.07538529135836129,1.9553545450149004,3.329313930285561,0.613006599238461,0.3596666499215695
bspline_q_knot30,centered_ma21,4,head,other,16028,2.148009400848579,2.5524641447085883,0.9036500425407167,0.9110371480381485,1.0929357722024782,2.148009400848579,3.864100832526884,8.367618995571378,1.1091732853778593,2.569483666908062,-0.058092410693878216,0.7167535720053755,1.1218075858151244,2.773484706722068,-0.00150036489033156,0.5399310118834205,0.953736628724984,2.291452791820144,0.19397904045170017,0.6257616888080855
bspline_q_knot30,centered_ma21,5,pelvis,other,16028,1.4925676573571895,1.207454498209093,0.9652458408042692,0.9778200360796224,0.5785051062698231,1.4925676573571895,1.464950812808194,3.7346168636103125,0.7837658795271969,1.3048869001299805,0.14212908028212926,0.5504921316277219,0.5689963919568704,0.9305889085870666,-0.06777715447747168,0.6395165483475008,0.8574141786604377,1.3435451450621296,0.321759532853268,0.7651744412387188
bspline_q_knot30,lowpass_5hz,0,left_forearm,other,16028,5.934719824294986,5.1169502213613836,0.6993811609765599,0.7230032866385533,3.0548278731683953,5.934719824294986,6.582449339781585,19.653202856416826,3.0433139332240327,5.828038095433058,2.047903388917599,0.4334100249861366,3.1133311102701757,4.9940015382644525,0.02745754802520094,0.27023819884154476,2.7404569505680048,4.432094233842984,0.8648814402596935,0.38350055370822494
bspline_q_knot30,lowpass_5hz,1,right_forearm,other,16028,6.607533453482154,6.090190312713224,0.6619981387771092,0.6534443938264708,3.51244724839897,6.607533453482154,8.222636790976006,22.583543511123587,3.6612489480134207,7.23027491361478,2.5194381266535726,0.4062245629599494,3.1358118185685666,5.311641832036807,-0.4632545348376612,0.2484224623792902,3.10542046355053,5.548048292589697,1.1004163285695967,0.30160130025034565
bspline_q_knot30,lowpass_5hz,2,left_lower_leg,lower_leg,16028,3.9134348706756708,3.4786143750003395,0.8224099541007961,0.8436628366479556,1.6954128777720983,3.9134348706756708,4.581189957080661,13.055506620056684,1.6588809505276185,3.1595338642409514,-0.5195806271503624,0.2335125836736633,1.8303031383779484,3.3954930266251906,-0.304333421563098,0.05095543145950137,2.2936117395516966,3.845808988591523,0.5758260627695007,0.37734721943308125
bspline_q_knot30,lowpass_5hz,3,right_lower_leg,lower_leg,16028,4.00102460405269,3.633598333346555,0.7384155980395088,0.8307035991040502,1.7686872783058185,4.00102460405269,4.858077053944451,13.271155000573362,1.804224175060531,3.513766200757453,0.2811785685779382,0.19332007905349033,1.7604921805996296,3.4480581464810083,-0.17236534681893423,0.004343143241834348,2.3412525349684983,3.920899469407125,0.6096113777339222,0.3202157724651887
bspline_q_knot30,lowpass_5hz,4,head,other,16028,2.988249195135592,2.9469981454349967,0.8732610557936562,0.8827290365996089,1.7435455365919064,2.988249195135592,4.138207456781671,10.238617283153218,1.3866837101373573,2.7849475957446725,-0.05840055710315015,0.6802291440044156,1.4316825295449995,3.055397992063337,-0.0015871388804104421,0.49009234223372666,1.5423569012790816,2.9938276848615093,0.19369270127733934,0.4719860844636499
bspline_q_knot30,lowpass_5hz,5,pelvis,other,16028,2.3777474247443706,1.9733622725188855,0.9142038060130053,0.9436347732412728,1.2715386133225894,2.3777474247443706,2.455360087629554,7.768823486617153,1.0552519740328166,1.7252007303601777,0.14259687830489168,0.41413123177293637,1.3055173099777304,2.4243262242541124,-0.0678396192994057,0.28580663051117955,1.1344471660286168,1.6819039134746099,0.32130298412935704,0.6855991213859305
raw_q,centered_ma21,0,left_forearm,other,16028,3.455082870324237,3.628680320820811,0.8750715038253507,0.8885368715179848,1.935194220774367,3.455082870324237,5.250177613312592,10.774537602471543,1.8536835975608068,3.808386689788043,-0.010264173267044416,0.8009093121989446,1.7308627870570539,3.342025990278687,0.03577121646686565,0.7625137971350927,1.5723001994604062,3.718738457257206,0.10172623718800905,0.7118621467456505
raw_q,centered_ma21,1,right_forearm,other,16028,3.783943250108106,3.79465271952954,0.8914979540649174,0.8916199307896392,2.0674765024708655,3.783943250108106,5.374006072331897,12.05137089561766,2.0568605726303657,3.991740979894254,0.23185370158208596,0.8481323963069662,1.867803384321465,3.6169132890175226,-0.08901778676291067,0.7580518601218238,1.7201966010261642,3.7659142309219034,0.3425771730142999,0.7616587467914349
raw_q,centered_ma21,2,left_lower_leg,lower_leg,16028,3.4712341768025756,3.300532711574231,0.8615126290894387,0.8764007728020966,1.6387565690472334,3.4712341768025756,4.542145069272048,10.97356281247091,1.5597199574674196,3.3462868297647637,-0.057093448142862976,0.515376936073558,1.854417999084762,3.306513115662532,-0.1862976789929042,0.4333036404487821,1.752153046154287,3.2480584984586067,0.19921325677360258,0.611511108566174
raw_q,centered_ma21,3,right_lower_leg,lower_leg,16028,3.7286058336614185,3.572952067751363,0.7972018604891488,0.8611899897378992,1.7846148879213757,3.7286058336614185,4.9391758394019805,12.273723259402974,1.706994360952334,3.8151418344207597,-0.06744058724408651,0.51307089639079,1.9351832157077258,3.4513031939064676,-0.04164835839598455,0.4095998344666367,1.9130680160242457,3.4396451099393723,0.17386336158642293,0.5887139948661215
raw_q,centered_ma21,4,head,other,16028,2.706130243828885,2.696326716575621,0.8993348089814186,0.9060832769410078,1.4876834319641086,2.706130243828885,3.8062307327581997,8.408132068520901,1.254991782992033,2.8880954488370434,-0.027287845450456163,0.7244672214449888,1.3494029982320963,2.515452232591322,-0.0326378030658102,0.710788113923851,1.3879545804444122,2.6724404636055965,-0.012506389034024595,0.6540439038953597
raw_q,centered_ma21,5,pelvis,other,16028,2.767744721353446,2.5415651158821064,0.8729412065047638,0.9144913459164963,1.4586023494559985,2.767744721353446,3.42319278922859,8.857607592621992,1.3117824848329298,2.228534269189417,0.15012962728484136,0.5368707234673415,1.5473675998415874,3.0618534957632417,-0.05877615316390493,0.42041280891165766,1.2678979405608155,2.244403683907439,0.1309514134828726,0.6509341694204062
raw_q,lowpass_5hz,0,left_forearm,other,16028,2.3844163951561836,2.8798327316926238,0.9226063381089045,0.9308706191918482,1.1346513504777465,2.3844163951561836,4.38119483041955,6.664715795506832,1.0350148338750687,2.6466792952543052,-0.010576697937623693,0.9068249662300861,1.2696257119983294,2.6814860394173254,0.03590547480529048,0.8518106776866072,1.2650663232986266,3.2687965700035173,0.10218163897367019,0.7829814947403964
raw_q,lowpass_5hz,1,right_forearm,other,16028,2.6512121861761537,2.9621079234393695,0.9349213097998031,0.9349649659818235,1.1695953748197923,2.6512121861761537,4.3924166462413305,7.154454099130873,1.2010272147148089,2.6839332525450206,0.23146231922893787,0.9320071846311447,1.365926422179951,2.830041145829223,-0.08973244896164329,0.8553321573627245,1.404680935020608,3.333109578022241,0.34334069750367324,0.8167075702466552
raw_q,lowpass_5hz,2,left_lower_leg,lower_leg,16028,2.6085076135272294,2.683918029616901,0.9108035878948739,0.9201465406943856,1.049851038008688,2.6085076135272294,3.8478482297614716,8.008738865326428,1.0454886688290084,2.662462834136572,-0.05716702362141685,0.7301684130406797,1.5522731550323592,2.8209443924175943,-0.18650276686576475,0.64043410331076,1.2529724454322673,2.5619938252925576,0.19939225751789172,0.7819607927399025
raw_q,lowpass_5hz,3,right_lower_leg,lower_leg,16028,2.723829809606286,2.779231533845861,0.8829501896697614,0.918547939570123,1.1220975232005796,2.723829809606286,3.969021910303575,8.650641595092356,1.1577644852120899,2.9348867571193735,-0.07169503586109711,0.750192029246861,1.574429238050863,2.8646766170131266,-0.03899810176595066,0.6550744639570307,1.316669425121605,2.520406982809168,0.1704681400818841,0.8060970515246968
raw_q,lowpass_5hz,4,head,other,16028,1.9144908191402414,2.1842039629810537,0.9351549559844224,0.9394191395269775,0.9014459442330138,1.9144908191402414,3.2629688565988717,5.4250501693934705,0.9765961143080871,2.633067790866222,-0.02759599185972809,0.7776476766902203,1.0267228848727934,2.0725255487101317,-0.03272457705588908,0.8141653473186699,0.8590904304847256,1.7560844838313052,-0.01279272820838544,0.8680528731815806
raw_q,lowpass_5hz,5,pelvis,other,16028,1.9575458931599687,1.9365031944665074,0.9283926521706455,0.9513016033082852,0.857593807729169,1.9575458931599687,2.7236277173485925,5.87725880469693,1.0429242572402007,1.8296555572976085,0.1505974253076038,0.7244998213158219,0.8934304889086759,2.0783907388363363,-0.05883861798583896,0.7871923591759027,1.0078623523839536,1.892824964149165,0.13049486475896158,0.7688489514742014
savgol_q_w15_p3,centered_ma21,0,left_forearm,other,16028,4.114491445712001,10.753290930646196,0.5186170880219974,0.5452755404773459,2.7981942310020944,4.114491445712001,18.16509723784918,11.541256455039344,2.221172298399682,8.600594755657104,-0.0100882354033574,0.5027301676990348,2.212790587311753,11.475607625712128,0.019219316097541527,0.3218547806070089,1.7008567447575753,11.88444348663472,0.12148529204131266,0.2974926166737842
savgol_q_w15_p3,centered_ma21,1,right_forearm,other,16028,4.653461226804668,11.567704880322962,0.5379292918596529,0.5385384811687088,3.1167440402113074,4.653461226804668,19.487962623254607,12.773637470357592,2.48766889659909,11.108435767920646,0.2615426067608544,0.48102215216332117,2.4671231492898396,13.141494657899198,-0.08609956508512213,0.30028855694289447,1.985578450445347,10.263486812050335,0.37165933789155065,0.39041364379946003
savgol_q_w15_p3,centered_ma21,2,left_lower_leg,lower_leg,16028,4.604984238993443,12.774359239475151,0.40073553669810114,0.4251480541662438,3.109350798738463,4.604984238993443,21.641323483006175,9.479661200897773,1.8407407589096392,8.977600380392794,-0.055812068770950816,0.21802394221137716,2.088896487095721,10.890565449485438,-0.17586219851323062,0.14720078232003267,2.9080397777376668,17.03969006578282,0.2360963105742204,0.1441690980360552
savgol_q_w15_p3,centered_ma21,3,right_lower_leg,lower_leg,16028,4.793634146304675,12.792408214085766,0.34615616912920655,0.42658429839088335,3.222858754265051,4.793634146304675,21.6323414224815,11.195441215564708,2.140506703634929,11.659585464057894,-0.06652992234897916,0.19046446181246185,2.0111680345460257,10.564785886510625,-0.022299048748613107,0.1482064677738948,2.9973631810677115,15.600528507904553,0.25721116514192827,0.15534629767067218
savgol_q_w15_p3,centered_ma21,4,head,other,16028,4.744347906601389,15.2537915469077,0.3419459257823948,0.35434240828777197,3.634436699605258,4.744347906601389,25.990875949276226,10.20493824630847,2.7934082375145546,19.00954102881169,-0.02791786800849187,0.15864110225540962,2.2436714149267787,13.507937027697945,-0.03382928897242196,0.18378316580766133,1.8670145354545362,12.418029505489597,-0.004908161979732979,0.1832999775369292
savgol_q_w15_p3,centered_ma21,5,pelvis,other,16028,2.5729284127079994,4.367182875815168,0.7209944055628493,0.7962252807368639,1.5619937306902245,2.5729284127079994,7.113149667729451,7.589684377157278,1.1132870834888782,4.165311413972562,0.15108228381640773,0.3216116447285215,1.4258610454387906,3.967159203903759,-0.05374840589756523,0.3402118568180609,1.3044161282198552,4.912096038144134,0.15056462621002092,0.36161404631912936
savgol_q_w15_p3,lowpass_5hz,0,left_forearm,other,16028,2.9421039021283675,10.57443588598839,0.540712249057485,0.5656736522555948,1.9159622544939598,2.9421039021283675,18.07761343622875,5.855842011086414,1.3483757788940287,8.250219722054839,-0.010400760073936678,0.5559850968608959,1.7048152381733792,11.340965596991591,0.019353574435966355,0.35100258773617615,1.3352986473953459,11.780172188313198,0.1219406938269738,0.3213905839970785
savgol_q_w15_p3,lowpass_5hz,1,right_forearm,other,16028,3.467300504776336,11.377216808116993,0.5587663943053375,0.5593931568156317,2.121310992550724,3.467300504776336,19.398479685436104,6.942173700937738,1.579686337708033,10.796211632262557,0.26115122440770633,0.5208016390180502,1.952659900713527,12.990001085422001,-0.08681422728385475,0.3302474380869223,1.6569687547682919,10.15011690025457,0.372422862380924,0.41197734174075595
savgol_q_w15_p3,lowpass_5hz,2,left_lower_leg,lower_leg,16028,3.690108672153788,12.681172271680715,0.41583986892007196,0.43905892702482446,2.5323789025116494,3.690108672153788,21.65223980422873,6.161134466404763,1.2960860108082883,8.807599957474354,-0.055885644249504686,0.2877727585157859,1.8068277685371772,10.815931284587988,-0.1760672863860912,0.18761947947857185,2.3693196478997054,16.966973919597454,0.23627531131850954,0.17151644227335797
savgol_q_w15_p3,lowpass_5hz,3,right_lower_leg,lower_leg,16028,3.7235430586051828,12.675553373444128,0.36856419226305065,0.44374496813099085,2.5533246102060754,3.7235430586051828,21.636639920741057,7.142757744771108,1.5582403376701284,11.50443820130793,-0.07078437096598977,0.24744424041665303,1.618929150418092,10.470718817197145,-0.019648792118579214,0.19792019362730132,2.3738011341368677,15.492608208193118,0.25381594363738946,0.19501932187748516
savgol_q_w15_p3,lowpass_5hz,4,head,other,16028,3.8549731838263073,15.19369539280802,0.3519183697484633,0.363890265845746,2.974439550965547,3.8549731838263073,26.032370633891315,6.4728723089114935,2.475371942388834,18.99054951080218,-0.028226014417763796,0.16462369487173917,1.8617996537046577,13.44955876477068,-0.03391606296250085,0.20468542504853757,1.2986057460713247,12.288756543241398,-0.005194501154093824,0.2310817633735108
savgol_q_w15_p3,lowpass_5hz,5,pelvis,other,16028,1.6997867711748749,4.137942816414369,0.7544289072790848,0.8193994688694439,0.9208284146049657,1.6997867711748749,6.962645846823228,3.535519868161083,0.8334320601253286,4.056469600270336,0.15155008183917015,0.38502964500381887,0.7718932074288675,3.4469696020669787,-0.05381087071949926,0.5741083898197402,0.9738942489540832,4.799079828493652,0.15010807748610988,0.4125838143523093
savgol_q_w9_p3,centered_ma21,0,left_forearm,other,16028,3.55474693890948,7.407464109641851,0.6616152641685392,0.6871982942164151,2.2562998927803535,3.55474693890948,12.327828186960188,10.95832152546923,2.047176015987599,8.123467458270595,-0.011534222492149566,0.5269974836507334,1.821512655661736,7.170331025859499,0.03272980200387906,0.47847888175547,1.4452596702243454,6.870749816498325,0.10705262220783561,0.4776683895537441
savgol_q_w9_p3,centered_ma21,1,right_forearm,other,16028,3.997747138796545,8.406106571283201,0.6620745880903529,0.6626827317518754,2.4900797557197336,3.997747138796545,14.000210744040814,12.186951046166245,2.207802802768496,7.826040966248359,0.2383765017054366,0.6233150315317695,2.098307755667636,10.831542522810086,-0.08730776256608179,0.3569234152573835,1.6494587212636902,5.780886820762989,0.35090261906810494,0.6050420503676874
savgol_q_w9_p3,centered_ma21,2,left_lower_leg,lower_leg,16028,3.9256127482149497,9.377423395339438,0.5122383621885581,0.5390633101121907,2.3535104348023137,3.9256127482149497,15.760639998344947,9.984605252024249,1.5813542878346358,4.9499262334938905,-0.057059398923410436,0.37622256671474275,1.8732003785443727,8.152712226206237,-0.18559546172160762,0.19066469460329674,2.387308498928729,13.14685218012337,0.21588038430534212,0.1864436574314077
savgol_q_w9_p3,centered_ma21,3,right_lower_leg,lower_leg,16028,4.115496882092908,9.117232789774826,0.4593638157881285,0.5523273609698469,2.4592302385826965,4.115496882092908,15.245802262994212,11.131107017304362,1.8204242593254583,6.559510417544772,-0.0668199584356388,0.3259111521896997,1.8475857720205315,8.979008104245446,-0.03541755354441233,0.1711652546000776,2.454507231490541,11.212583902689516,0.21886558180635068,0.2155072319952329
savgol_q_w9_p3,centered_ma21,4,head,other,16028,3.698948399465079,10.626197176519954,0.46257267051155,0.4774070706224067,2.6084261875771957,3.698948399465079,18.02958624153468,9.248795122767225,2.101973719225712,15.014993992140523,-0.027558009212393767,0.19825065627231053,1.7583402616938648,9.46831066250131,-0.03371531611712248,0.2580496381011557,1.434467774832011,4.863049240670906,-0.011128213026846492,0.42872204032410993
savgol_q_w9_p3,centered_ma21,5,pelvis,other,16028,2.5411252036971863,3.493911322446738,0.7929372555645073,0.8544396313434971,1.4608528815739876,2.5411252036971863,5.492261072317982,7.799683687442344,1.1340108431449236,3.432768426158937,0.15023649209433462,0.3809401904829339,1.4394336780656378,3.285551876445149,-0.05724895237948507,0.3988000002242083,1.2291712945848685,3.7474656485308304,0.1369325788482204,0.45592493951968693
savgol_q_w9_p3,lowpass_5hz,0,left_forearm,other,16028,2.3307577743266523,7.085591916507533,0.6960132824363617,0.7185428155399475,1.340342122338748,2.3307577743266523,12.049249213923936,5.421039809467114,1.13678538439116,7.668507727390174,-0.011846747162728844,0.5937985215146405,1.2864711280582932,6.901983800949023,0.03286406034230389,0.5317570655021326,1.0681449593558867,6.646310801356279,0.10750802399349675,0.5240686490026568
savgol_q_w9_p3,lowpass_5hz,1,right_forearm,other,16028,2.7257568999857615,8.080403019711065,0.6929951460472155,0.6935818546493315,1.4616610058380297,2.7257568999857615,13.72767235204305,6.200284420196815,1.2533795131832375,7.276541627482202,0.2379851193522885,0.6826593980668,1.5420744551720287,10.60223372866764,-0.08802242476481441,0.40147233296150325,1.2931013325957061,5.524791470190353,0.35166614355747833,0.6462893858835662
savgol_q_w9_p3,lowpass_5hz,2,left_lower_leg,lower_leg,16028,2.879788360530217,9.19469112621053,0.5393433002198444,0.5639151867725585,1.704137716627105,2.879788360530217,15.663136777727464,5.928447194645832,0.9928798301306373,4.546357175184513,-0.05713297440196431,0.5236042816947881,1.501323174571748,7.984825859071127,-0.18580054959446818,0.27501681757378005,1.792330364841736,13.007698764777778,0.2160593850496313,0.23484409660006927
savgol_q_w9_p3,lowpass_5hz,3,right_lower_leg,lower_leg,16028,2.909834610095727,8.868570756653682,0.5033966631975935,0.5851845915677639,1.7221866804961834,2.909834610095727,15.082688896188492,6.479256008882225,1.1886880417427153,6.132364645552539,-0.07107440705264942,0.46602151244848444,1.379069003218577,8.800589850133562,-0.03276729691437844,0.25950605296877105,1.7465788178846469,10.995379208604948,0.21547036030181188,0.288286218939582
savgol_q_w9_p3,lowpass_5hz,4,head,other,16028,2.7786883944737086,10.512385482649007,0.48030818356270244,0.4943157296295503,1.9306126415334726,2.7786883944737086,17.994711345666147,5.042339032420113,1.7784393893700492,14.97128918307551,-0.027866155621665698,0.2117914298202957,1.3723347929174197,9.362663364307236,-0.033802090107201366,0.29493471636258767,0.8383684483476065,4.442046885256176,-0.011414552201207337,0.5644416139813199
savgol_q_w9_p3,lowpass_5hz,5,pelvis,other,16028,1.5802360535458975,3.1079055198268493,0.8404117793575471,0.8868015276473643,0.7548788404151776,1.5802360535458975,5.145880311043416,3.9230346801875675,0.7979889873188967,3.2181191505606237,0.15070429011709705,0.4987403323821373,0.7058698211746378,2.4441204174419933,-0.05731141720141909,0.7295232758590927,0.9026762808604922,3.55629226559752,0.1364760301243094,0.5355068765062918
