comparison_space,method,sequence_id,num_frames,mean_l2_error,rmse,pearson_correlation,cosine_similarity,magnitude_mae,residual_mean,residual_std,residual_p95,x_mae,x_rmse,x_bias,x_pearson_correlation,y_mae,y_rmse,y_bias,y_pearson_correlation,z_mae,z_rmse,z_bias,z_pearson_correlation
model_world_linear_acc,raw_fd,s5_freestyle1,15350,3.678643023598655,3.0232853718963084,0.764393012033462,0.7643320173043264,1.8313596351698678,3.678643023598655,3.7267075045803555,10.982498171172326,1.8139733865368104,2.8960607767764714,-0.1649485473139424,0.7222753718940299,1.668892840601334,3.0111109705483163,0.043288868840431934,0.7893923552518638,1.9895240890416725,3.157024868452422,0.298259192638172,0.7737647240964988
model_world_linear_acc,raw_fd,s5_freestyle3,17795,8.750150488264035,8.628815166401647,0.4098483434420433,0.40985126387950366,4.486065009639603,8.750150488264035,12.116279130182743,27.719622292810612,4.543987929331566,8.83295750755049,-0.049874400725547906,0.3223761724105966,3.81445579311425,7.785388197820868,0.03255154912007528,0.5170446146359454,4.707266405908625,9.205212969117452,0.03454643503348541,0.3863452088548737
model_world_linear_acc,raw_fd,s5_rom3,28765,1.5991784086913226,1.976807629725401,0.41462784441693157,0.41430683193597656,0.8335531753137073,1.5991784086913226,3.0275292949857913,4.221360999968434,0.8027714669894652,1.3527353254788241,-0.0030059090729361872,0.4326601098915085,0.559779468677613,2.048126725172842,0.0042154222700920355,0.4736789046542714,0.9731973093021813,2.3871718144398706,0.1538870398046482,0.3577782246364313
model_world_linear_acc,raw_fd,s5_walking2,18670,4.25008877325524,4.095095230267602,0.5786719733252198,0.5786810080871583,2.2121524853122794,4.25008877325524,5.678570264981421,11.643255624779162,2.2927668193217525,4.202413683514816,-0.04079352489103432,0.6152275754006215,1.7169586533011123,3.0320330716922306,0.04046686471434411,0.6354288978434788,2.3219548883060233,4.843130136559766,0.01855454692715828,0.5386682187739166
model_world_linear_acc,savgol15_p3_fd,s5_freestyle1,15350,3.436528503655481,2.9257868142765924,0.771914571004602,0.7718510733207984,1.8922488720229065,3.436528503655481,3.724373409225736,10.815946632446694,1.7252901344815519,2.891325280178424,-0.1639653139259266,0.704379702137864,1.5361346500902058,2.8062096236416285,0.042221405285650236,0.8213876818587224,1.8507157040039133,3.073452638347723,0.30051073169050563,0.7710849987408399
model_world_linear_acc,savgol15_p3_fd,s5_freestyle3,17795,7.093445122163309,6.66354077425069,0.5289121242508767,0.5289129841585524,3.9368878851525726,7.093445122163309,9.10446941063355,22.199095222522782,3.614609908355318,6.610982946477458,-0.04742638335384514,0.4538517875670004,3.200101041114918,6.470475254077066,0.02787443077017431,0.5949008057179141,3.7790581938003363,6.901896943454388,0.06487642388359596,0.5243610306341526
model_world_linear_acc,savgol15_p3_fd,s5_rom3,28765,0.9808555759668739,0.9479885929976788,0.7050922175299273,0.7045195551792414,0.5058723679764626,0.9808555759668739,1.3168027401459372,3.123873651415998,0.46866867097963005,0.8625381208059614,-0.0032861884326414867,0.6037248432548749,0.36380584619440076,0.8764619968595312,0.000787242321764078,0.7874212551137539,0.6010074088227554,1.0880668525319024,0.1601861429813386,0.6791560101063521
model_world_linear_acc,savgol15_p3_fd,s5_walking2,18670,3.191588507677603,2.83177573406057,0.7312780655014675,0.7312765571361249,1.7869493810847215,3.191588507677603,3.72432869410087,9.585445032718095,1.641191300916489,2.720035910584436,-0.022207515257354336,0.7816400477454213,1.5220720971272046,3.0515321863085934,0.04139901887776103,0.6079938765669857,1.6294115822649016,2.7104275281026493,0.035478999347230956,0.7693802302124235
model_world_linear_acc,savgol9_p3_fd,s5_freestyle1,15350,3.396449665651564,2.88103510078185,0.7805712526824732,0.7805054098630275,1.7721875339592317,3.396449665651564,3.6558472922848724,10.691592474410392,1.6739750584036548,2.7595926946168245,-0.1628154484564833,0.7365196959988298,1.548836140513226,2.867808799979505,0.04251336662505271,0.8097879055142244,1.8242335525875857,3.0102177001653585,0.30029361629670526,0.784340188981784
model_world_linear_acc,savgol9_p3_fd,s5_freestyle3,17795,7.496019961882285,7.0994502578296865,0.49408653526509216,0.4940886361818642,3.8855924353395066,7.496019961882285,9.7476287691549,23.94607796103964,3.8359154853488318,7.090212891888047,-0.047770755566147884,0.4181614049117263,3.384495401798833,6.880695188735809,0.028524079677068173,0.5583489581916014,3.984218484211329,7.320621336854299,0.051661078809716286,0.4927583090208115
model_world_linear_acc,savgol9_p3_fd,s5_rom3,28765,1.05090241297073,1.0017769789098003,0.6880536654734792,0.6875110264628737,0.5059278994045109,1.05090241297073,1.3806793490283096,3.43208716282348,0.5021597199961277,0.9004491417216371,-0.0032451713046678385,0.5950722091296702,0.3793553835120037,0.908590197890099,0.0006145476140360324,0.7799585940116472,0.650910855346923,1.1723167412827207,0.15876361713716775,0.6501903260131219
model_world_linear_acc,savgol9_p3_fd,s5_walking2,18670,3.2288667994538263,2.7867169902289097,0.7426590028094089,0.7426622008241714,1.7321932352888834,3.2288667994538263,3.587728242534017,9.08237447050053,1.6888106548657864,2.750732405193108,-0.02852228415354759,0.779208141852695,1.4723423260111954,2.842654826970549,0.04074359958822803,0.6720666649703627,1.6860433829742287,2.76589217443721,0.027945815648556346,0.762370485025186
sensor_specific_force,raw_fd,s5_freestyle1,15350,3.6786429899187443,3.0232853211053072,0.9117886328214114,0.9108041280429378,1.5961962131181633,3.6786429899187443,3.726707414213537,10.982499018800228,1.655784422847051,2.8755723982775874,0.5253693923145027,0.9435035455357222,2.002848450368814,3.2501335538116214,-0.08842211813141204,0.7861271810921004,1.8285645035832323,2.9306104591167323,0.625370211755864,0.8983819276525619
sensor_specific_force,raw_fd,s5_freestyle3,17795,8.750150445793148,8.628815206851753,0.6084841503386376,0.6081696881007395,4.203826836951411,8.750150445793148,12.116279247276129,27.719624451407174,3.990107211441242,7.641800071604741,1.1918030378143598,0.7699291273554066,5.273376038012902,10.466316191714883,-0.4903535889296148,0.2595028646479691,3.689691061366421,7.4450300645905285,1.5657504862930454,0.6303626962361099
sensor_specific_force,raw_fd,s5_rom3,28765,1.5991783845279415,1.976807757487299,0.9449943798497982,0.9451152829579028,0.5887033165549654,1.5991783845279415,3.0275295580133483,4.22136079968344,0.6432405120796207,2.052922355038857,-0.05519696639494954,0.9624878529220562,0.9128402441774487,1.7897825877022362,-0.07483007048820808,0.8314309206323419,0.8077769913297939,2.074968631841333,0.34081815986652314,0.9017428906851944
sensor_specific_force,raw_fd,s5_walking2,18670,4.25008863757655,4.09509530738844,0.8374200904619938,0.8383612791019467,1.907807578134611,4.25008863757655,5.678570533376085,11.643255333373643,1.7683721735166864,3.3063158407965405,0.2737123064470069,0.9262323678029634,2.3839385449352837,4.536813457627084,-0.13457576297369028,0.4284871997245403,2.1499333138292025,4.335321895935307,0.2667987547426036,0.774363372305996
sensor_specific_force,savgol15_p3_fd,s5_freestyle1,15350,3.436528383429125,2.9257866938690866,0.9164713317373702,0.9154652598721124,1.5233254872893163,3.436528383429125,3.724373236391622,10.815946450439332,1.5977053471272238,2.8314418187216996,0.5290105037750565,0.9448344161204649,1.859673086379006,3.137845263517447,-0.09448482540606067,0.7979308304460361,1.6774822089515558,2.79598777956544,0.6459324405412853,0.9054401828131725
sensor_specific_force,savgol15_p3_fd,s5_freestyle3,17795,7.093444820965294,6.663540468129947,0.7229274796806553,0.7227572415667688,3.558951771165348,7.093444820965294,9.104468973154724,22.19909284453099,3.5129562944113086,7.239254955340984,1.2040127888117715,0.7875415445660998,3.9313866486475764,6.67048802217354,-0.4607168422733364,0.4972700971808624,3.1165083430263447,6.025453671618987,1.5001888296533474,0.711997109998795
sensor_specific_force,savgol15_p3_fd,s5_rom3,28765,0.9808554122705365,0.9479885057742019,0.9866096087969174,0.9865970593352581,0.3606995013359008,0.9808554122705365,1.3168026736985343,3.123872366930511,0.4145789105832759,0.8964056652934008,-0.05458225139989057,0.9926127138948364,0.5099678459006953,0.9837721414910691,-0.07630088845186733,0.9423303018690983,0.5184172423213342,0.9616110846366029,0.34160688085054736,0.9792151598322099
sensor_specific_force,savgol15_p3_fd,s5_walking2,18670,3.191588106577121,2.8317754302282263,0.9138402694792744,0.9144231447720192,1.528464058919852,3.191588106577121,3.7243283447741597,9.585443788701074,1.4509791117330368,2.805181478565388,0.2727948305310046,0.945722881030171,1.753203653823025,2.855153248056158,-0.10541939852671747,0.5792770007863597,1.5372775702645518,2.8347686085747537,0.29499474895196015,0.8879513738255127
sensor_specific_force,savgol9_p3_fd,s5_freestyle1,15350,3.3964495700520225,2.8810349998300246,0.9192750480166934,0.9182680932071199,1.4896728552937784,3.3964495700520225,3.655847142432271,10.69159278167074,1.5666735624004255,2.7978419683118996,0.5274818871464743,0.9463424792537621,1.8411854072553755,3.073737053535876,-0.09188478844401185,0.8064695079846264,1.6635783152784853,2.7613961788939227,0.6378734109817806,0.9084852173612834
sensor_specific_force,savgol9_p3_fd,s5_freestyle3,17795,7.496019760539679,7.099450072806016,0.6936892633050652,0.6933874495879415,3.618686704133767,7.496019760539679,9.747628519716717,23.946072141004304,3.610132007123118,7.308536065728686,1.1969358651028663,0.7832997840549166,4.321729915693071,7.662605691571044,-0.48683692944565016,0.4170532109836863,3.202881041615287,6.251107789843505,1.5501825648415497,0.7004501184106345
sensor_specific_force,savgol9_p3_fd,s5_rom3,28765,1.0509022788714513,1.0017769223683985,0.9850761177539692,0.9850669251331887,0.3758584995740569,1.0509022788714513,1.380679328023887,3.4320854075254696,0.4435914895237053,0.9625481949780741,-0.05406847250589443,0.9914752874332404,0.5619144816839048,1.0481683210786532,-0.07556650596033898,0.934523680670827,0.5466798641757543,0.9927311567596285,0.34129654772838947,0.9775955799853959
sensor_specific_force,savgol9_p3_fd,s5_walking2,18670,3.2288664375859755,2.7867167401592994,0.9168558602947773,0.9174019114478168,1.4811638848220183,3.2288664375859755,3.5877279854920823,9.082376585808756,1.4004696713076346,2.610979115845353,0.274348673810055,0.9532301789025658,1.793722192809373,2.8490647683530748,-0.11865243968274296,0.6030547072833197,1.6026026552583106,2.8918832224003936,0.28370130341206046,0.883305033052116
