version,seed_checkpoint_status,parent_checkpoint,pl_upstream,s4_json,s5_json,real_s4_json,real_s5_json,s4_score,s4_local_sip,s4_local_angle,s4_local_joint,s4_local_mesh,s4_global_sip,s4_global_angle,s4_global_joint,s4_global_mesh,s4_root_jitter,s4_joint_jitter,s5_score,s5_local_sip,s5_local_angle,s5_local_joint,s5_local_mesh,s5_global_sip,s5_global_angle,s5_global_joint,s5_global_mesh,s5_root_jitter,s5_joint_jitter,real_s4_pRJ_l1_cm,real_s4_pRJ_l2_cm,real_s4_gR2_angle_deg,real_s4_pRJ_dot_l2,real_s4_pRJ_ddot_l2,real_s4_gR2_dot_l2,real_s4_gR2_ddot_l2,real_s5_pRJ_l1_cm,real_s5_pRJ_l2_cm,real_s5_gR2_angle_deg,real_s5_pRJ_dot_l2,real_s5_pRJ_ddot_l2,real_s5_gR2_dot_l2,real_s5_gR2_ddot_l2,s4_score_delta_vs_pl_only,s5_score_delta_vs_official_ik1
baseline_official_ik1,official,official IK1,newpl_v4_init36,data/experiments/ik1_auto_search/round0/full_pipeline/s4/baseline_official_ik1/result.json,data/experiments/fixed_init36_ik1_trend/s5/baseline_official_ik1/result.json,data/experiments/fixed_init36_ik1_trend/real_streaming/s4/baseline_official_ik1/result.json,data/experiments/ik1_auto_search/round0/real_streaming/s5/baseline_official_ik1/result.json,38.625657482802865,10.13525094985962,8.77213363647461,4.4951457500457765,5.13820219039917,10.290855979919433,8.538510513305663,4.346226930618286,4.898400592803955,0.28584847748279574,0.47691351771354673,43.81127653867006,9.647517800331116,12.44710111618042,4.358768105506897,5.107238292694092,9.131767272949219,11.75735354423523,3.8370408415794373,4.44201785326004,0.3705526255071163,0.7955910265445709,2.449840784072876,4.9430084228515625,25.584686279296875,0.026529185473918915,0.022271879017353058,0.010931412689387798,0.006456701084971428,2.2525947093963623,4.610454082489014,15.153098106384277,0.026133563369512558,0.020772527903318405,0.011459792964160442,0.006751763168722391,0.0,0.0
newik1_v4_official_input,found,data/experiments/newik1_official_input_20260604/pl1_streaming_tc_finetune/best_loss.pt,newpl_v4_init36,data/experiments/fixed_init36_ik1_trend/s4/newik1_v4_official_input/result.json,data/experiments/fixed_init36_ik1_trend/s5/newik1_v4_official_input/result.json,data/experiments/ik1_auto_search/round0/real_streaming/s4/newik1_v4_official_input/result.json,data/experiments/ik1_auto_search/round0/real_streaming/s5/newik1_v4_official_input/result.json,38.6972478222847,10.06729621887207,8.804924583435058,4.529463863372802,5.17761197090149,10.334024906158447,8.592272472381591,4.408935022354126,4.929739141464234,0.2972386389970779,0.48897528648376465,43.92881545905024,9.624021530151367,12.546680927276611,4.322596848011017,5.1406508684158325,9.119454860687256,11.811805963516235,3.8605257272720337,4.431929707527161,0.39605626929551363,0.8539919890463352,2.4797887802124023,5.008570671081543,25.48590660095215,0.026325497776269913,0.021824829280376434,0.010941664688289165,0.0065044560469686985,2.2419562339782715,4.597548484802246,15.086614608764648,0.02479841746389866,0.018928835168480873,0.011545977555215359,0.006899991072714329,0.0715903394818369,0.11753892038018421
newik1_v6_stage_a,found,data/experiments/newik1_v6_official_input_init36_cascade_rerun/stage_a_continue/best_loss.pt,newpl_v4_init36,data/experiments/ik1_auto_search/round0/full_pipeline/s4/newik1_v6_stage_a/result.json,data/experiments/fixed_init36_ik1_trend/s5/newik1_v6_stage_a/result.json,data/experiments/fixed_init36_ik1_trend/real_streaming/s4/newik1_v6_stage_a/result.json,data/experiments/ik1_auto_search/round0/real_streaming/s5/newik1_v6_stage_a/result.json,38.649136830300094,10.066027450561524,8.79630355834961,4.52389087677002,5.174596786499023,10.31864824295044,8.571873569488526,4.3895911693573,4.904520702362061,0.30062844827771185,0.4935804337263107,43.85181389780715,9.617714643478394,12.505094766616821,4.309996843338013,5.126302123069763,9.118677496910095,11.785181283950806,3.854469418525696,4.421529710292816,0.4033846762031317,0.8699080664664507,2.4646315574645996,4.977619171142578,25.492042541503906,0.02633807249367237,0.02189459651708603,0.010975486598908901,0.0065315538085997105,2.231083631515503,4.5770344734191895,15.107321739196777,0.024935754016041756,0.019095664843916893,0.01163360197097063,0.007019957061856985,0.02347934749722924,0.040537359137090334
newik1_v7_best,found,data/experiments/newik1_v7_last_pl_control_lightloss_amass/stage_a_lightloss_amass/best_loss.pt,newpl_v4_init36,data/experiments/ik1_auto_search/round0/full_pipeline/s4/newik1_v7_best/result.json,data/experiments/fixed_init36_ik1_trend/s5/newik1_v7_best/result.json,data/experiments/ik1_auto_search/round0/real_streaming/s4/newik1_v7_best/result.json,data/experiments/ik1_auto_search/round0/real_streaming/s5/newik1_v7_best/result.json,38.69478097228706,10.155638122558594,8.780602645874023,4.506718969345092,5.149347591400146,10.316577625274657,8.55061378479004,4.360230112075806,4.9109173774719235,0.2785334773361683,0.4653885647654533,43.85909186106175,9.671209216117859,12.452542066574097,4.363961756229401,5.117542624473572,9.14937424659729,11.757962226867676,3.8410638570785522,4.445083498954773,0.3510137936100364,0.7501543574035168,2.4574196338653564,4.959465503692627,25.57992935180664,0.0266093872487545,0.021699324250221252,0.01088661327958107,0.006358500104397535,2.2518982887268066,4.609546661376953,15.147358894348145,0.02500772289931774,0.018670689314603806,0.011155071668326855,0.0062361666932702065,0.06912348948419833,0.04781532239169195
newik1_v8_B4_last,found,data/experiments/newik1_v8_parallel_adaptive_loss_search/v8_B4_pRJ_x2_lowdyn/train/last.pt,newpl_v4_init36,data/experiments/ik1_auto_search/round0/full_pipeline/s4/newik1_v8_B4_last/result.json,data/experiments/fixed_init36_ik1_trend/s5/newik1_v8_B4_last/result.json,data/experiments/ik1_auto_search/round0/real_streaming/s4/newik1_v8_B4_last/result.json,data/experiments/ik1_auto_search/round0/real_streaming/s5/newik1_v8_B4_last/result.json,38.69415222530066,10.155435752868652,8.780413722991943,4.506601095199585,5.149188375473022,10.31648416519165,8.550490474700927,4.360141086578369,4.910782766342163,0.2785340346395969,0.4653891369700432,43.860368536058814,9.671541094779968,12.453015565872192,4.364069819450378,5.117747902870178,9.149513721466064,11.758282899856567,3.8410672545433044,4.445103466510773,0.3510159496217966,0.7501546684652567,2.457329034805298,4.959296703338623,25.579580307006836,0.026609381660819054,0.021699324250221252,0.010886583477258682,0.0063584912568330765,2.2518768310546875,4.609510898590088,15.146869659423828,0.025007719174027443,0.018670689314603806,0.011155053041875362,0.0062361545860767365,0.06849474249779774,0.049091997388757136
newik1_v9_C8_last,found,data/experiments/newik1_v9_adaptive_loss_search/v9_C8_no_control_dyn/train/last.pt,newpl_v4_init36,data/experiments/ik1_auto_search/round0/full_pipeline/s4/newik1_v9_C8_last/result.json,data/experiments/fixed_init36_ik1_trend/s5/newik1_v9_C8_last/result.json,data/experiments/fixed_init36_ik1_trend/real_streaming/s4/newik1_v9_C8_last/result.json,data/experiments/ik1_auto_search/round0/real_streaming/s5/newik1_v9_C8_last/result.json,38.69384564702212,10.15534267425537,8.78029670715332,4.506520175933838,5.149078845977783,10.316460132598877,8.550429248809815,4.360109663009643,4.9107245922088625,0.2785369522869587,0.4653900310397148,43.8609724480845,9.671691298484802,12.453238487243652,4.364092111587524,5.117820978164673,9.149576425552368,11.758445739746094,3.8410972356796265,4.4451345801353455,0.3510171761736274,0.750156233087182,2.4572696685791016,4.959182262420654,25.579391479492188,0.026609381660819054,0.021699324250221252,0.010886572301387787,0.0063584898598492146,2.251845121383667,4.609444618225098,15.146624565124512,0.025007711723446846,0.018670689314603806,0.01115504838526249,0.006236150395125151,0.06818816421925789,0.049695909414445794
v10_residual_pRJ_only_alpha025_from_v6a,completed,residual_pRJ_only alpha=0.25 from newik1_v6_stage_a,newpl_v4_init36,data/experiments/ik1_auto_search/round1_retry1/v10_residual_pRJ_only_alpha025_from_v6a/s4/best_loss/result.json,data/experiments/ik1_auto_search/round1_retry1/v10_residual_pRJ_only_alpha025_from_v6a/s5/best_loss/result.json,data/experiments/ik1_auto_search/round1_retry1/v10_residual_pRJ_only_alpha025_from_v6a/real_streaming/s4/best_loss/result.json,data/experiments/ik1_auto_search/round1_retry1/v10_residual_pRJ_only_alpha025_from_v6a/real_streaming/s5/best_loss/result.json,38.401125624060626,10.069402694702148,8.727775764465331,4.470314264297485,5.110921478271484,10.23533363342285,8.486337184906006,4.304667139053345,4.840811014175415,0.28680822253227234,0.47782062292099,43.84817816592753,9.646694779396057,12.468416452407837,4.341636061668396,5.115289092063904,9.137168526649475,11.771339654922485,3.823734700679779,4.422149419784546,0.3735490506514907,0.8021676316857338,2.414121627807617,4.875001907348633,25.584686279296875,0.02634515054523945,0.02213888242840767,0.010931412689387798,0.006456701084971428,2.2296485900878906,4.568667411804199,15.153098106384277,0.02570294588804245,0.02028793841600418,0.011459792964160442,0.006751763168722391,-0.2245318587422389,0.03690162725747115
v10_residual_pRJ_only_alpha05_from_v6a,completed,residual_pRJ_only alpha=0.5 from newik1_v6_stage_a,newpl_v4_init36,data/experiments/ik1_auto_search/round1_retry1/v10_residual_pRJ_only_alpha05_from_v6a/s4/best_loss/result.json,data/experiments/ik1_auto_search/round1_retry1/v10_residual_pRJ_only_alpha05_from_v6a/s5/best_loss/result.json,data/experiments/ik1_auto_search/round1_retry1/v10_residual_pRJ_only_alpha05_from_v6a/real_streaming/s4/best_loss/result.json,data/experiments/ik1_auto_search/round1_retry1/v10_residual_pRJ_only_alpha05_from_v6a/real_streaming/s5/best_loss/result.json,38.30681182323395,10.039692497253418,8.71478910446167,4.466692161560059,5.10838041305542,10.208867645263672,8.463436317443847,4.285636854171753,4.80901026725769,0.2881957024335861,0.47933572381734846,43.867689362633975,9.642346501350403,12.483997821807861,4.327491879463196,5.121562480926514,9.137211203575134,11.781686544418335,3.815983235836029,4.409284234046936,0.3772413032129407,0.8099779952317476,2.408508777618408,4.86588716506958,25.584686279296875,0.026263324543833733,0.02203330770134926,0.010931412689387798,0.006456701084971428,2.219886302947998,4.551676273345947,15.153098106384277,0.025367915630340576,0.019850442185997963,0.011459792964160442,0.006751763168722391,-0.31884565956891464,0.05641282396391745
v10_ik2_input_distill_from_v6a,completed,downstream-aware IK2 input distill from newik1_v6_stage_a,newpl_v4_init36,data/experiments/ik1_auto_search/round1_retry1/v10_ik2_input_distill_from_v6a/s4/best_loss/result.json,data/experiments/ik1_auto_search/round1_retry1/v10_ik2_input_distill_from_v6a/s5/best_loss/result.json,data/experiments/ik1_auto_search/round1_retry1/v10_ik2_input_distill_from_v6a/real_streaming/s4/best_loss/result.json,data/experiments/ik1_auto_search/round1_retry1/v10_ik2_input_distill_from_v6a/real_streaming/s5/best_loss/result.json,38.41680224156379,10.076177978515625,8.730329704284667,4.4710526943206785,5.111426067352295,10.240815353393554,8.487079906463624,4.305175113677978,4.841847515106201,0.2866271585226059,0.4776518106460571,43.807055798713115,9.637646913528442,12.45914602279663,4.340159773826599,5.110072493553162,9.124706625938416,11.761341333389282,3.8217774033546448,4.420398771762848,0.37341867480427027,0.8021185342222452,2.4149391651153564,4.876088619232178,25.584686279296875,0.026340311393141747,0.022135809063911438,0.010931412689387798,0.006456701084971428,2.229055881500244,4.568141937255859,15.153098106384277,0.02569320611655712,0.020279746502637863,0.011459792964160442,0.006751763168722391,-0.20885524123907118,-0.0042207399569420545
v10_stage_a_low_lr_distill_official,failed,stage_a low LR full-mode distill from newik1_v6_stage_a,newpl_v4_init36,not found,not found,not found,not found,not found,not found,not found,not found,not found,not found,not found,not found,not found,not found,not found,not found,not found,not found,not found,not found,not found,not found,not found,not found,not found,not found,not found,not found,not found,not found,not found,not found,not found,not found,not found,not found,not found,not found,not found,not found,not found,not found
v11_alpha025_ik2w1_from_v10,completed,Round2 downstream-aware from v10: alpha=0.25 ik2_input_distill=1.0,newpl_v4_init36,data/experiments/ik1_auto_search/round2_downstream_aware_from_v10/v11_alpha025_ik2w1_from_v10/s4/best_loss/result.json,data/experiments/ik1_auto_search/round2_downstream_aware_from_v10/v11_alpha025_ik2w1_from_v10/s5/best_loss/result.json,data/experiments/ik1_auto_search/round2_downstream_aware_from_v10/v11_alpha025_ik2w1_from_v10/real_streaming/s4/best_loss/result.json,data/experiments/ik1_auto_search/round2_downstream_aware_from_v10/v11_alpha025_ik2w1_from_v10/real_streaming/s5/best_loss/result.json,38.40251200318336,10.071526050567627,8.727390766143799,4.470222616195679,5.1106737613677975,10.237113285064698,8.484315109252929,4.303654050827026,4.838948774337768,0.28685255348682404,0.4779125452041626,43.84088326931,9.646111488342285,12.467326879501343,4.3410563468933105,5.115470290184021,9.134477972984314,11.768590450286865,3.8224847316741943,4.4208972454071045,0.37358420994132757,0.8022370338439941,2.413907289505005,4.874484062194824,25.584686279296875,0.02634713239967823,0.022138984873890877,0.010931412689387798,0.006456701084971428,2.228419065475464,4.566864967346191,15.153098106384277,0.025703338906168938,0.020288391038775444,0.011459792964160442,0.006751763168722391,-0.22314547961950382,0.029606730639940793
v11_alpha025_ik2w3_from_v10,completed,Round2 downstream-aware from v10: alpha=0.25 ik2_input_distill=3.0,newpl_v4_init36,data/experiments/ik1_auto_search/round2_downstream_aware_from_v10/v11_alpha025_ik2w3_from_v10/s4/best_loss/result.json,data/experiments/ik1_auto_search/round2_downstream_aware_from_v10/v11_alpha025_ik2w3_from_v10/s5/best_loss/result.json,data/experiments/ik1_auto_search/round2_downstream_aware_from_v10/v11_alpha025_ik2w3_from_v10/real_streaming/s4/best_loss/result.json,data/experiments/ik1_auto_search/round2_downstream_aware_from_v10/v11_alpha025_ik2w3_from_v10/real_streaming/s5/best_loss/result.json,38.416982645660646,10.077760219573975,8.729902648925782,4.47086877822876,5.111277294158936,10.241942882537842,8.485101509094239,4.304106378555298,4.840069007873535,0.2867006339132786,0.477786985039711,43.80445552650839,9.638152122497559,12.459270000457764,4.340410530567169,5.111134886741638,9.122875571250916,11.759988784790039,3.821051597595215,4.4197933077812195,0.37349481880664825,0.8022834695875645,2.414578914642334,4.87534761428833,25.584686279296875,0.026342613622546196,0.022137098014354706,0.010931412689387798,0.006456701084971428,2.228386640548706,4.567495822906494,15.153098106384277,0.02569635771214962,0.020284030586481094,0.011459792964160442,0.006751763168722391,-0.2086748371422189,-0.0068210121616658625
v11_alpha035_ik2w2_from_v10,completed,Round2 downstream-aware from v10: alpha=0.35 ik2_input_distill=2.0,newpl_v4_init36,data/experiments/ik1_auto_search/round2_downstream_aware_from_v10/v11_alpha035_ik2w2_from_v10/s4/best_loss/result.json,data/experiments/ik1_auto_search/round2_downstream_aware_from_v10/v11_alpha035_ik2w2_from_v10/s5/best_loss/result.json,data/experiments/ik1_auto_search/round2_downstream_aware_from_v10/v11_alpha035_ik2w2_from_v10/real_streaming/s4/best_loss/result.json,data/experiments/ik1_auto_search/round2_downstream_aware_from_v10/v11_alpha035_ik2w2_from_v10/real_streaming/s5/best_loss/result.json,38.37255207578838,10.06448392868042,8.722952556610107,4.46697883605957,5.1072286605834964,10.230513000488282,8.473731422424317,4.293906354904175,4.824944019317627,0.2870724491775036,0.47826484888792037,43.77819666691124,9.628082871437073,12.458468437194824,4.333025872707367,5.108862519264221,9.112644672393799,11.756129264831543,3.8151710629463196,4.41172057390213,0.3747247625142336,0.805172748863697,2.4086477756500244,4.863900184631348,25.584686279296875,0.026292841881513596,0.022090410813689232,0.010931412689387798,0.006456701084971428,2.22208833694458,4.556811332702637,15.153098106384277,0.025544075295329094,0.0200992152094841,0.011459792964160442,0.006751763168722391,-0.2531054070144876,-0.033079871758815216
v11_pRJ_only_ik2w2_from_v10,completed,Round2 pRJ-only + IK2 input distill from v10,newpl_v4_init36,data/experiments/ik1_auto_search/round2_downstream_aware_from_v10/v11_pRJ_only_ik2w2_from_v10/s4/best_loss/result.json,data/experiments/ik1_auto_search/round2_downstream_aware_from_v10/v11_pRJ_only_ik2w2_from_v10/s5/best_loss/result.json,data/experiments/ik1_auto_search/round2_downstream_aware_from_v10/v11_pRJ_only_ik2w2_from_v10/real_streaming/s4/best_loss/result.json,data/experiments/ik1_auto_search/round2_downstream_aware_from_v10/v11_pRJ_only_ik2w2_from_v10/real_streaming/s5/best_loss/result.json,38.39572076609731,10.052773666381835,8.771314716339111,4.521404552459717,5.171199131011963,10.191976642608642,8.492659854888917,4.300215053558349,4.7997174739837645,0.2938575528562069,0.4833925276994705,43.845466667562725,9.625837564468384,12.499703884124756,4.309311866760254,5.130159974098206,9.117349624633789,11.782392978668213,3.809548497200012,4.3971922397613525,0.38753859512507915,0.8296579271554947,2.469139575958252,4.986303806304932,25.584686279296875,0.026357106864452362,0.0219024196267128,0.010931412689387798,0.006456701084971428,2.234727621078491,4.583155632019043,15.153098106384277,0.02496185153722763,0.019116509705781937,0.011459792964160442,0.006751763168722391,-0.22993671670555216,0.034190128892667815
v12_alpha030_ik2w2_from_v11,completed,Round3 downstream-aware from v11: alpha=0.30 ik2_input_distill=2.0,newpl_v4_init36,data/experiments/ik1_auto_search/round3_downstream_aware_from_v11/v12_alpha030_ik2w2_from_v11/s4/best_loss/result.json,data/experiments/ik1_auto_search/round3_downstream_aware_from_v11/v12_alpha030_ik2w2_from_v11/s5/best_loss/result.json,data/experiments/ik1_auto_search/round3_downstream_aware_from_v11/v12_alpha030_ik2w2_from_v11/real_streaming/s4/best_loss/result.json,data/experiments/ik1_auto_search/round3_downstream_aware_from_v11/v12_alpha030_ik2w2_from_v11/real_streaming/s5/best_loss/result.json,38.39537861308455,10.071556854248048,8.726690864562988,4.468818616867066,5.109324741363525,10.236503601074219,8.47910213470459,4.298629951477051,4.832332468032837,0.2869093529880047,0.4780301660299301,43.78341374022886,9.631479263305664,12.456440687179565,4.336070895195007,5.109046816825867,9.116354823112488,11.755742311477661,3.8175302743911743,4.415165901184082,0.3740515233948827,0.8036538194864988,2.411289930343628,4.86892032623291,25.584686279296875,0.026316974312067032,0.022115224972367287,0.010931412689387798,0.006456701084971428,2.224759340286255,4.561491012573242,15.153098106384277,0.025621837005019188,0.020196344703435898,0.011459792964160442,0.006751763168722391,-0.2302788697183118,-0.027862798441198322
v12_alpha040_ik2w2_from_v11,completed,Round3 downstream-aware from v11: alpha=0.40 ik2_input_distill=2.0,newpl_v4_init36,data/experiments/ik1_auto_search/round3_downstream_aware_from_v11/v12_alpha040_ik2w2_from_v11/s4/best_loss/result.json,data/experiments/ik1_auto_search/round3_downstream_aware_from_v11/v12_alpha040_ik2w2_from_v11/s5/best_loss/result.json,data/experiments/ik1_auto_search/round3_downstream_aware_from_v11/v12_alpha040_ik2w2_from_v11/real_streaming/s4/best_loss/result.json,data/experiments/ik1_auto_search/round3_downstream_aware_from_v11/v12_alpha040_ik2w2_from_v11/real_streaming/s5/best_loss/result.json,38.36728921282291,10.064269065856934,8.722883987426759,4.466901874542236,5.1075506687164305,10.229679298400878,8.46994161605835,4.290406703948975,4.819797563552856,0.2872091166675091,0.4784387230873108,43.73998444685712,9.61759603023529,12.450390100479126,4.328210830688477,5.104433059692383,9.101807713508606,11.748084783554077,3.8121743202209473,4.407786011695862,0.3754016747698188,0.8067303989082575,2.407813787460327,4.862191200256348,25.584686279296875,0.026270929723978043,0.022067777812480927,0.010931412689387798,0.006456701084971428,2.2198100090026855,4.553211212158203,15.153098106384277,0.025468403473496437,0.020007846876978874,0.011459792964160442,0.006751763168722391,-0.2583682699799539,-0.07129209181293561
v12_alpha035_ik2w25_from_v11,completed,Round3 downstream-aware from v11: alpha=0.35 ik2_input_distill=2.5,newpl_v4_init36,data/experiments/ik1_auto_search/round3_downstream_aware_from_v11/v12_alpha035_ik2w25_from_v11/s4/best_loss/result.json,data/experiments/ik1_auto_search/round3_downstream_aware_from_v11/v12_alpha035_ik2w25_from_v11/s5/best_loss/result.json,data/experiments/ik1_auto_search/round3_downstream_aware_from_v11/v12_alpha035_ik2w25_from_v11/real_streaming/s4/best_loss/result.json,data/experiments/ik1_auto_search/round3_downstream_aware_from_v11/v12_alpha035_ik2w25_from_v11/real_streaming/s5/best_loss/result.json,38.386719339862466,10.070025157928466,8.725553798675538,4.468177127838135,5.108660507202148,10.235164165496826,8.474906826019287,4.294702768325806,4.826364660263062,0.2869244858622551,0.4781402125954628,43.75161533830688,9.62232220172882,12.45108699798584,4.332240521907806,5.105639100074768,9.106214761734009,11.749263763427734,3.8145220279693604,4.411274552345276,0.3746604258194566,0.8051358442753553,2.4094533920288086,4.865252494812012,25.584686279296875,0.026289088651537895,0.022088775411248207,0.010931412689387798,0.006456701084971428,2.2223641872406006,4.557664394378662,15.153098106384277,0.025535685941576958,0.020094912499189377,0.011459792964160442,0.006751763168722391,-0.23893814294039828,-0.059661200363180455
v12_alpha035_s5stable_from_v11,completed,Round3 S5-stability from v11: alpha=0.35 ik2_input_distill=2.5 lr=1e-6 stronger pRJ distill/dynamics,newpl_v4_init36,data/experiments/ik1_auto_search/round3_downstream_aware_from_v11/v12_alpha035_s5stable_from_v11/s4/best_loss/result.json,data/experiments/ik1_auto_search/round3_downstream_aware_from_v11/v12_alpha035_s5stable_from_v11/s5/best_loss/result.json,data/experiments/ik1_auto_search/round3_downstream_aware_from_v11/v12_alpha035_s5stable_from_v11/real_streaming/s4/best_loss/result.json,data/experiments/ik1_auto_search/round3_downstream_aware_from_v11/v12_alpha035_s5stable_from_v11/real_streaming/s5/best_loss/result.json,38.38921534772218,10.07146110534668,8.72591257095337,4.4681251525878904,5.108399391174316,10.235895729064941,8.474865913391113,4.294867515563965,4.826852416992187,0.28685052022337915,0.47807621508836745,43.737316830046474,9.619295358657837,12.448022603988647,4.331571042537689,5.103365182876587,9.101602673530579,11.745819091796875,3.8136839866638184,4.410418272018433,0.37463897094130516,0.8051599152386189,2.4095542430877686,4.865253925323486,25.584686279296875,0.0262883473187685,0.022088591009378433,0.010931412689387798,0.006456701084971428,2.222119092941284,4.557403087615967,15.153098106384277,0.025536678731441498,0.020094089210033417,0.011459792964160442,0.006751763168722391,-0.23644213508068646,-0.07395970862358325
v13_alpha038_ik2w2_from_v12,completed,Round4 downstream-aware from v12: alpha=0.38 ik2_input_distill=2.0,newpl_v4_init36,data/experiments/ik1_auto_search/round4_downstream_aware_from_v12/v13_alpha038_ik2w2_from_v12/s4/best_loss/result.json,data/experiments/ik1_auto_search/round4_downstream_aware_from_v12/v13_alpha038_ik2w2_from_v12/s5/best_loss/result.json,data/experiments/ik1_auto_search/round4_downstream_aware_from_v12/v13_alpha038_ik2w2_from_v12/real_streaming/s4/best_loss/result.json,data/experiments/ik1_auto_search/round4_downstream_aware_from_v12/v13_alpha038_ik2w2_from_v12/real_streaming/s5/best_loss/result.json,38.376336369305854,10.067440795898438,8.724551963806153,4.4677411079406735,5.10846700668335,10.231966114044189,8.471617317199707,4.292027521133423,4.822668361663818,0.2870557144284248,0.47833154499530794,43.73781035907567,9.618024587631226,12.448243856430054,4.329896986484528,5.10431432723999,9.103167057037354,11.746022939682007,3.8130151629447937,4.409253895282745,0.37509846314787865,0.8060703352093697,2.4086296558380127,4.86371374130249,25.584686279296875,0.026277001947164536,0.022076625376939774,0.010931412689387798,0.006456701084971428,2.221217393875122,4.555866718292236,15.153098106384277,0.025496352463960648,0.020043721422553062,0.011459792964160442,0.006751763168722391,-0.24932111349701103,-0.07346617959439072
v13_alpha042_ik2w2_from_v12,completed,Round4 downstream-aware from v12: alpha=0.42 ik2_input_distill=2.0,newpl_v4_init36,data/experiments/ik1_auto_search/round4_downstream_aware_from_v12/v13_alpha042_ik2w2_from_v12/s4/best_loss/result.json,data/experiments/ik1_auto_search/round4_downstream_aware_from_v12/v13_alpha042_ik2w2_from_v12/s5/best_loss/result.json,data/experiments/ik1_auto_search/round4_downstream_aware_from_v12/v13_alpha042_ik2w2_from_v12/real_streaming/s4/best_loss/result.json,data/experiments/ik1_auto_search/round4_downstream_aware_from_v12/v13_alpha042_ik2w2_from_v12/real_streaming/s5/best_loss/result.json,38.370207245603204,10.065584087371827,8.723765754699707,4.467439889907837,5.108120441436768,10.230829811096191,8.469501781463624,4.2899498462677,4.81909556388855,0.2873816750943661,0.4786837354302406,43.71751535784453,9.612090110778809,12.444246053695679,4.325650990009308,5.1008830070495605,9.096914529800415,11.742501974105835,3.8112383484840393,4.406506538391113,0.37572029046714306,0.8073755614459515,2.40791654586792,4.862273693084717,25.584686279296875,0.026260988786816597,0.02205800823867321,0.010931412689387798,0.006456701084971428,2.2187769412994385,4.551540374755859,15.153098106384277,0.025435859337449074,0.019968245178461075,0.011459792964160442,0.006751763168722391,-0.25545023719966053,-0.09376118082552409
v13_alpha040_ik2w225_from_v12,completed,Round4 downstream-aware from v12: alpha=0.40 ik2_input_distill=2.25,newpl_v4_init36,data/experiments/ik1_auto_search/round4_downstream_aware_from_v12/v13_alpha040_ik2w225_from_v12/s4/best_loss/result.json,data/experiments/ik1_auto_search/round4_downstream_aware_from_v12/v13_alpha040_ik2w225_from_v12/s5/best_loss/result.json,data/experiments/ik1_auto_search/round4_downstream_aware_from_v12/v13_alpha040_ik2w225_from_v12/real_streaming/s4/best_loss/result.json,data/experiments/ik1_auto_search/round4_downstream_aware_from_v12/v13_alpha040_ik2w225_from_v12/real_streaming/s5/best_loss/result.json,38.3787378231883,10.068017387390137,8.725085735321045,4.467905569076538,5.108921670913697,10.233187484741212,8.471712875366212,4.291605520248413,4.8217607021331785,0.2870852373540401,0.47832314372062684,43.71488639246672,9.61136519908905,12.443263053894043,4.326895356178284,5.100820183753967,9.096797227859497,11.741515398025513,3.811891257762909,4.407286643981934,0.3753936253488064,0.8066852204501629,2.408431053161621,4.863152503967285,25.584686279296875,0.026266692206263542,0.0220661498606205,0.010931412689387798,0.006456701084971428,2.219773530960083,4.553428649902344,15.153098106384277,0.025462189689278603,0.020003341138362885,0.011459792964160442,0.006751763168722391,-0.2469196596145622,-0.09639014620334052
v13_alpha040_s5stable_from_v12,completed,Round4 S5-stability from v12: alpha=0.40 ik2_input_distill=2.25 lr=8e-7 stronger pRJ distill/dynamics,newpl_v4_init36,data/experiments/ik1_auto_search/round4_downstream_aware_from_v12/v13_alpha040_s5stable_from_v12/s4/best_loss/result.json,data/experiments/ik1_auto_search/round4_downstream_aware_from_v12/v13_alpha040_s5stable_from_v12/s5/best_loss/result.json,data/experiments/ik1_auto_search/round4_downstream_aware_from_v12/v13_alpha040_s5stable_from_v12/real_streaming/s4/best_loss/result.json,data/experiments/ik1_auto_search/round4_downstream_aware_from_v12/v13_alpha040_s5stable_from_v12/real_streaming/s5/best_loss/result.json,38.3813811891675,10.069668865203857,8.725146579742432,4.467659664154053,5.108443784713745,10.234616470336913,8.471254444122314,4.2914573669433596,4.821690893173217,0.2870588548481464,0.47831266522407534,43.707128487303855,9.60938012599945,12.441551685333252,4.326491951942444,5.099248051643372,9.094338417053223,11.740009546279907,3.811325490474701,4.406897842884064,0.37536901514977217,0.8066968396306038,2.4083058834075928,4.862794399261475,25.584686279296875,0.026265811175107956,0.022065307945013046,0.010931412689387798,0.006456701084971428,2.219399929046631,4.552684783935547,15.153098106384277,0.025460192933678627,0.02000134252011776,0.011459792964160442,0.006751763168722391,-0.24427629363536596,-0.10414805136620231
v14_alpha0405_ik2w2_from_v12,completed,Round5 confirmation from v12: alpha=0.405 ik2_input_distill=2.0,newpl_v4_init36,data/experiments/ik1_auto_search/round5_confirmation_from_v12/v14_alpha0405_ik2w2_from_v12/s4/best_loss/result.json,data/experiments/ik1_auto_search/round5_confirmation_from_v12/v14_alpha0405_ik2w2_from_v12/s5/best_loss/result.json,data/experiments/ik1_auto_search/round5_confirmation_from_v12/v14_alpha0405_ik2w2_from_v12/real_streaming/s4/best_loss/result.json,data/experiments/ik1_auto_search/round5_confirmation_from_v12/v14_alpha0405_ik2w2_from_v12/real_streaming/s5/best_loss/result.json,38.372773325160146,10.066407489776612,8.723906421661377,4.467434072494507,5.108246803283691,10.231533432006836,8.470336151123046,4.29062066078186,4.820356750488282,0.2872064270079136,0.47843572646379473,43.725488430112605,9.613972902297974,12.44599986076355,4.327340245246887,5.10241973400116,9.099478006362915,11.744041919708252,3.8119316697120667,4.407502233982086,0.37544210627675056,0.8068549484014511,2.4081618785858154,4.862767696380615,25.584686279296875,0.026267537847161293,0.022065144032239914,0.010931412689387798,0.006456701084971428,2.2199244499206543,4.553722381591797,15.153098106384277,0.025460511445999146,0.0199979767203331,0.011459792964160442,0.006751763168722391,-0.2528841576427183,-0.08578810855745189
v14_alpha0410_ik2w2_from_v12,completed,Round5 confirmation from v12: alpha=0.410 ik2_input_distill=2.0,newpl_v4_init36,data/experiments/ik1_auto_search/round5_confirmation_from_v12/v14_alpha0410_ik2w2_from_v12/s4/best_loss/result.json,data/experiments/ik1_auto_search/round5_confirmation_from_v12/v14_alpha0410_ik2w2_from_v12/s5/best_loss/result.json,data/experiments/ik1_auto_search/round5_confirmation_from_v12/v14_alpha0410_ik2w2_from_v12/real_streaming/s4/best_loss/result.json,data/experiments/ik1_auto_search/round5_confirmation_from_v12/v14_alpha0410_ik2w2_from_v12/real_streaming/s5/best_loss/result.json,38.37348917667567,10.066746234893799,8.724196338653565,4.467832136154175,5.108583879470825,10.231786918640136,8.470143032073974,4.290491676330566,4.82004132270813,0.2871894180774689,0.4784271165728569,43.72153897484764,9.613159656524658,12.445382833480835,4.327044785022736,5.102129817008972,9.097949385643005,11.743125438690186,3.811467170715332,4.407057285308838,0.37558136228471994,0.8070464935153723,2.4083924293518066,4.863192558288574,25.584686279296875,0.026264948770403862,0.022061819210648537,0.010931412689387798,0.006456701084971428,2.219696044921875,4.553475379943848,15.153098106384277,0.025449691340327263,0.01998515985906124,0.011459792964160442,0.006751763168722391,-0.25216830612719576,-0.0897375638224176
v14_alpha0415_ik2w2_from_v12,completed,Round5 confirmation from v12: alpha=0.415 ik2_input_distill=2.0,newpl_v4_init36,data/experiments/ik1_auto_search/round5_confirmation_from_v12/v14_alpha0415_ik2w2_from_v12/s4/best_loss/result.json,data/experiments/ik1_auto_search/round5_confirmation_from_v12/v14_alpha0415_ik2w2_from_v12/s5/best_loss/result.json,data/experiments/ik1_auto_search/round5_confirmation_from_v12/v14_alpha0415_ik2w2_from_v12/real_streaming/s4/best_loss/result.json,data/experiments/ik1_auto_search/round5_confirmation_from_v12/v14_alpha0415_ik2w2_from_v12/real_streaming/s5/best_loss/result.json,38.37063280807435,10.065557193756103,8.724200439453124,4.4676093578338625,5.108386039733887,10.230517864227295,8.469825649261475,4.289862251281738,4.819163751602173,0.2872119329869747,0.478450046479702,43.718751320485026,9.612117290496826,12.445310354232788,4.326860070228577,5.102001309394836,9.09680986404419,11.742653369903564,3.8110249638557434,4.4064154624938965,0.37565048690885305,0.8071938399225473,2.40818190574646,4.8627705574035645,25.584686279296875,0.026262899860739708,0.022060329094529152,0.010931412689387798,0.006456701084971428,2.219625473022461,4.553338527679443,15.153098106384277,0.02544444054365158,0.01997881568968296,0.011459792964160442,0.006751763168722391,-0.2550246747285172,-0.09252521818503112
v14_alpha0410_ik2w21_from_v12,completed,Round5 confirmation from v12: alpha=0.410 ik2_input_distill=2.1,newpl_v4_init36,data/experiments/ik1_auto_search/round5_confirmation_from_v12/v14_alpha0410_ik2w21_from_v12/s4/best_loss/result.json,data/experiments/ik1_auto_search/round5_confirmation_from_v12/v14_alpha0410_ik2w21_from_v12/s5/best_loss/result.json,data/experiments/ik1_auto_search/round5_confirmation_from_v12/v14_alpha0410_ik2w21_from_v12/real_streaming/s4/best_loss/result.json,data/experiments/ik1_auto_search/round5_confirmation_from_v12/v14_alpha0410_ik2w21_from_v12/real_streaming/s5/best_loss/result.json,38.36968127383291,10.06557502746582,8.723701572418213,4.467196798324585,5.107817125320435,10.230309104919433,8.469593906402588,4.2899760723114015,4.819415521621704,0.2871938951313496,0.4784375563263893,43.719431065004315,9.612767815589905,12.445660591125488,4.326795279979706,5.101636171340942,9.096270203590393,11.742905139923096,3.810771942138672,4.406194746494293,0.3755748961120844,0.8070592563599348,2.4077656269073486,4.861997127532959,25.584686279296875,0.026264097541570663,0.022062087431550026,0.010931412689387798,0.006456701084971428,2.2190394401550293,4.552035808563232,15.153098106384277,0.025449231266975403,0.019985657185316086,0.011459792964160442,0.006751763168722391,-0.25597620896995466,-0.09184547366574236
