source,protocol,comparison_space,num_frames,mean_l2_error,rmse,pearson_correlation,cosine_similarity,magnitude_mae,residual_mean,residual_std,residual_p95,x_mae,x_rmse,x_bias,x_pearson_correlation,y_mae,y_rmse,y_bias,y_pearson_correlation,z_mae,z_rmse,z_bias,z_pearson_correlation
accfit_global_rjs,centered_ma15,model_world_linear_acc,80140,0.7029836192429016,0.5453118946747558,0.9798827417158391,0.9797850238985187,0.3617959471571698,0.7029836192429016,0.6308004585425308,1.907711955608037,0.37129432717505256,0.5579448019140449,-0.04778794925247095,0.9776935707374179,0.255940865621705,0.4392079338948645,0.023682282744784136,0.9847201170473825,0.4088081676727933,0.6228074953324,0.13977698905692168,0.9791600669257594
accfit_global_rjs,centered_ma15,sensor_specific_force,80140,0.7268091650063855,0.5811798554942513,0.9959371428934417,0.9959610588175483,0.23318833450568605,0.7268091650063855,0.6964614210131651,1.981119957734996,0.298030846936342,0.5002633999146564,0.012734630140786577,0.9980899019889854,0.3828063306676706,0.6014926701141994,-0.06217096756252448,0.9853387812791294,0.4013919691418575,0.6334454765815888,0.1605008291122679,0.9932401542754761
accfit_global_rjs,centered_ma21,model_world_linear_acc,80140,0.5804420341487787,0.44895603618907065,0.9791216747192983,0.9789716811072959,0.3106396005143676,0.5804420341487787,0.5174665325265339,1.6151845265766482,0.3110312450808001,0.46417826230458575,-0.04784253101127465,0.9774024075051513,0.1882284985277666,0.31650630410447317,0.023610764542539922,0.9862991442636091,0.35176173879239725,0.5376307911176853,0.13992861465448386,0.9776086956688252
accfit_global_rjs,centered_ma21,sensor_specific_force,80140,0.6122667870625121,0.4929879509357462,0.9969504776687609,0.9969654038007478,0.17935491564731204,0.6122667870625121,0.5951812671477703,1.7595928981429678,0.24665634292760658,0.4147979324086149,0.012866233002341722,0.9986391821047585,0.3198599723668612,0.5069953780605146,-0.06220392091711253,0.9881763799336183,0.3455635503315304,0.5477314316325941,0.1605593610357308,0.9947964063097128
accfit_global_rjs,centered_ma9,model_world_linear_acc,80140,0.9304575747257491,0.7401921558839885,0.975166225863167,0.9751010866373117,0.4684253589227795,0.9304575747257491,0.8819875194876838,2.497418047994102,0.48513468711334395,0.7430865052190013,-0.04771035076085271,0.9726678282992597,0.3728521281997569,0.664564239701751,0.023632592935360186,0.9785965961610379,0.5191568898941892,0.806120400416467,0.13989396086436534,0.9750628624186051
accfit_global_rjs,centered_ma9,sensor_specific_force,80140,0.9433837297403719,0.7614910565110269,0.9934053094530301,0.9934503949619352,0.3405111840148462,0.9433837297403719,0.9217554045949419,2.5438295088414766,0.3951533218976115,0.6744150060630504,0.012745008730183553,0.9966869701866108,0.5033927471859605,0.7938485525845863,-0.06219731489803075,0.9780021426410394,0.5061733800636755,0.8090579476126375,0.1605067729938458,0.9894792701197773
accfit_global_rjs,legacy_both_lowpass_5hz,model_world_linear_acc,80140,1.005887480828257,0.7934482886777194,0.9767293158522494,0.9766761525770082,0.5076921989256747,1.005887480828257,0.9364138702143343,2.7107146869997254,0.5223825666071693,0.7933825107802485,-0.04773486521562036,0.9743305931816407,0.4125819673401214,0.7247850026224784,0.023668447482897703,0.9798591782882609,0.5549939962920591,0.8566863206438912,0.1397423624721826,0.9765658633456007
accfit_global_rjs,legacy_both_lowpass_5hz,sensor_specific_force,80140,1.0153085708097924,0.8095307050757256,0.9928195040926149,0.9928678526657114,0.3773171582943542,1.0153085708097924,0.9670410505357985,2.734009664676605,0.4278058516668178,0.7153239878851197,0.012714056081941082,0.9963863866773902,0.545430974112797,0.8478565870133371,-0.062236718828577064,0.9770862464954737,0.5378133195231739,0.8575958766198845,0.16044372475862334,0.98870158635825
accfit_global_rjs,legacy_both_smooth_ma9,model_world_linear_acc,80140,0.9304575747257491,0.7401921558839885,0.975166225863167,0.9751010866373117,0.4684253589227795,0.9304575747257491,0.8819875194876838,2.497418047994102,0.48513468711334395,0.7430865052190013,-0.04771035076085271,0.9726678282992597,0.3728521281997569,0.664564239701751,0.023632592935360186,0.9785965961610379,0.5191568898941892,0.806120400416467,0.13989396086436534,0.9750628624186051
accfit_global_rjs,legacy_both_smooth_ma9,sensor_specific_force,80140,0.9433837297403719,0.7614910565110269,0.9934053094530301,0.9934503949619352,0.3405111840148462,0.9433837297403719,0.9217554045949419,2.5438295088414766,0.3951533218976115,0.6744150060630504,0.012745008730183553,0.9966869701866108,0.5033927471859605,0.7938485525845863,-0.06219731489803075,0.9780021426410394,0.5061733800636755,0.8090579476126375,0.1605067729938458,0.9894792701197773
accfit_global_rjs,lowpass_12hz,model_world_linear_acc,80140,1.5668514752609275,1.3351959920773162,0.9467888272560042,0.9467474291597923,0.7824664765361478,1.5668514752609275,1.7009472261803544,4.676485688414768,0.8198655643120712,1.3557504753299288,-0.047715723825560205,0.9398064788744356,0.6738399448837673,1.2392594091201365,0.023708830423521284,0.9531399028927919,0.8397205700859419,1.4051411948013868,0.1400325825241878,0.9473724951813017
accfit_global_rjs,lowpass_12hz,sensor_specific_force,80140,1.5708049997449984,1.3430517707016927,0.9813622052243358,0.9815022339938092,0.6601218059664855,1.5708049997449984,1.7157901471715509,4.685491226143459,0.6676499589038819,1.1855184233768183,0.012734229385311342,0.9904835120024109,0.8590729223323186,1.4390041005030783,-0.06233181579763681,0.9437952385771256,0.814238800412579,1.3911065534042772,0.16053153640124787,0.9718359963022536
accfit_global_rjs,lowpass_3hz,model_world_linear_acc,80140,0.7812687596502012,0.612273297386223,0.981832893175578,0.9817539900630746,0.3984222255465923,0.7812687596502012,0.7171156791419577,2.0495885313183173,0.4078914126144554,0.6167062881978379,-0.046036128462963365,0.9799802516808435,0.29751053742281997,0.5119795640057653,0.023129859643026225,0.9859930737516591,0.44622699312303166,0.6943961781391851,0.1453392380789965,0.9808345002814393
accfit_global_rjs,lowpass_3hz,sensor_specific_force,80140,0.80080465406403,0.6425806582796039,0.9952585361335221,0.9952866788093665,0.2652081831270661,0.80080465406403,0.7729434734924259,2.113997018409525,0.33088358566128656,0.5562572277579829,0.013421979606497776,0.9977296880977665,0.4242008784673939,0.6697078906557151,-0.06213294353299565,0.9839695375708373,0.4349089660854586,0.6933966721477853,0.16212367936513558,0.9922811460554128
accfit_global_rjs,lowpass_5hz,model_world_linear_acc,80140,1.005887480828257,0.7934482886777194,0.9767293158522494,0.9766761525770082,0.5076921989256747,1.005887480828257,0.9364138702143343,2.7107146869997254,0.5223825666071693,0.7933825107802485,-0.04773486521562036,0.9743305931816407,0.4125819673401214,0.7247850026224784,0.023668447482897703,0.9798591782882609,0.5549939962920591,0.8566863206438912,0.1397423624721826,0.9765658633456007
accfit_global_rjs,lowpass_5hz,sensor_specific_force,80140,1.0153085708097924,0.8095307050757256,0.9928195040926149,0.9928678526657114,0.3773171582943542,1.0153085708097924,0.9670410505357985,2.734009664676605,0.4278058516668178,0.7153239878851197,0.012714056081941082,0.9963863866773902,0.545430974112797,0.8478565870133371,-0.062236718828577064,0.9770862464954737,0.5378133195231739,0.8575958766198845,0.16044372475862334,0.98870158635825
accfit_global_rjs,lowpass_8hz,model_world_linear_acc,80140,1.2467238147590467,1.009154045243389,0.966756675024253,0.9667100156312622,0.6253525451688458,1.2467238147590467,1.22509403345455,3.543496745851293,0.6496881751308409,1.0174892413825174,-0.04768652770421971,0.9627876733228132,0.5279343684231399,0.9318496272672293,0.02368061726973745,0.970857961630067,0.6754425462922037,1.0731018483471375,0.14002395928573289,0.9669205491951364
accfit_global_rjs,lowpass_8hz,sensor_specific_force,80140,1.25264158967663,1.01963190015981,0.9889557322568753,0.9890350450006776,0.5030533085335134,1.25264158967663,1.2449243684991147,3.556867137959925,0.5356935142957743,0.9097030211088969,0.012737317294913446,0.9942875376851084,0.6752487709224941,1.0721806223878336,-0.0622989239693627,0.9661965240401201,0.6565135595548978,1.0685582631901256,0.16053781650049,0.9829756396009601
accfit_global_rjs,raw,model_world_linear_acc,80140,2.6595511657068123,3.0531029115827844,0.7859484022065968,0.7859220220218079,1.4222566588284542,2.6595511657068123,4.570678260732576,8.075048150491615,1.4119665137795028,3.027628064237126,-0.04774605525819185,0.7699667648636915,1.130866487360682,2.9612810819339472,0.02369773283299586,0.7981805095433453,1.4173978943685464,3.1667956714271432,0.14008356177938128,0.7894347917625137
accfit_global_rjs,raw,sensor_specific_force,80140,2.659551159829461,3.0531029079638907,0.9125370418931371,0.9131686936171058,1.2069143273375098,2.659551159829461,4.570678256900442,8.075048008680554,1.1356097134398973,3.0079214818363376,0.012746091041359644,0.942981196514057,1.448090446847645,3.0044589913755573,-0.06232545943718157,0.8027476466053558,1.376872985940222,3.144828553053848,0.16051331139935615,0.8722873628521743
accfit_global_rjs,savgol15_p3,model_world_linear_acc,80140,1.0752607339020415,0.8541932170103256,0.9735698567750951,0.9735178058607723,0.5399899941913102,1.0752607339020415,1.0162443161404597,2.92783485642244,0.5566135063478469,0.8522492726855392,-0.04768206089328199,0.970958974472646,0.44709562175710005,0.7884824482579449,0.023612778314741335,0.9767149053721065,0.5905129208216744,0.9170085942647834,0.1399233354731021,0.9735384147232342
accfit_global_rjs,savgol15_p3,sensor_specific_force,80140,1.0831927587177834,0.8685638636750389,0.9917699865277252,0.9918271112538612,0.4115451632012501,1.0831927587177834,1.0439841968668357,2.962462131854575,0.4604065735944424,0.7750184174088642,0.012734553708575047,0.9957722130750722,0.5798274869474179,0.9067949287472926,-0.06221764581597697,0.9740804650977197,0.5731655492643228,0.9166673146357877,0.16049175543811242,0.9871085899209558
accfit_global_rjs,savgol9_p3,model_world_linear_acc,80140,1.359564676201171,1.127821515381682,0.9594280799821475,0.9593828458655339,0.6802796820186054,1.359564676201171,1.4026859958306794,3.89930634703201,0.7088788094056517,1.1367260188423745,-0.04766899965145114,0.954638718972644,0.5807490947019284,1.051422233254897,0.023703607360534656,0.9638197636505492,0.7324477970995061,1.1909279395402355,0.14003777918305668,0.9599812400262783
accfit_global_rjs,savgol9_p3,sensor_specific_force,80140,1.3644953324661528,1.1366930920850844,0.9863695705430078,0.9864697888323787,0.5576823326024887,1.3644953324661528,1.4192836377764433,3.9181482772166443,0.587457527240833,1.0322690822109142,0.012732325609381175,0.9926825185095506,0.7326603408089676,1.1826447337756705,-0.0623158947990697,0.9596284801632367,0.7143486012635156,1.1882699745285,0.16055195119889903,0.9790348691288268
old_rjs,centered_ma15,model_world_linear_acc,80140,1.4765330842612359,1.4748310273333929,0.8411781724204289,0.8410977778577965,0.8281581293467548,1.4765330842612359,2.0845214627433837,5.282663595263066,0.7373820597116068,1.514289596980099,-0.04789216836380485,0.8204294247229805,0.6139607646933056,1.2774824103674751,0.023679403072230917,0.8642314748969457,0.8403588824462862,1.612558645518162,0.1394249249165744,0.8431182403967712
old_rjs,centered_ma15,sensor_specific_force,80140,1.7232202379434856,2.005765753906579,0.9514516172513546,0.9508315702820085,0.7170292729071137,1.7232202379434856,3.0165876069120356,6.475560009866362,0.8572254043629651,2.143010187947943,0.4131124575611562,0.9657319919975987,0.8369757189439873,1.716023894437374,-0.18459290428194156,0.8757212094174345,0.8818624989215597,2.1288631019172177,0.6546171681892589,0.9250693712332682
old_rjs,centered_ma21,model_world_linear_acc,80140,1.165058347022207,1.116023981582529,0.8628458406640618,0.8627183628424893,0.6803723605477013,1.165058347022207,1.5424550659373668,4.146103080035106,0.5839254380997821,1.1446559687497884,-0.047923093494519134,0.8518914151175238,0.4667521427556737,0.956619749461062,0.023547331294121985,0.8715347324131288,0.6768460195193633,1.2292965266966724,0.13951466670798357,0.8690191272543142
old_rjs,centered_ma21,sensor_specific_force,80140,1.5031365367970564,1.7870299578168023,0.960076335542832,0.9593638250672539,0.6122401137981811,1.5031365367970564,2.705736269881068,5.784692703756743,0.7507867671003079,1.9233703562542863,0.4132894753240609,0.9718044457512989,0.6897511406523722,1.4126984267393194,-0.1846202646679749,0.9054098204990443,0.8046222052253394,1.9711311062876253,0.6546453788537686,0.9334268605833379
old_rjs,centered_ma9,model_world_linear_acc,80140,1.9704464604204674,2.070531129924549,0.7872839174880265,0.787234025893829,1.0363299118787206,1.9704464604204674,2.996437589301058,6.961935632618081,0.9926252210777526,2.1638351638202025,-0.047666240740043685,0.7442956362477842,0.8348662141680613,1.7716422380735573,0.02359727688498893,0.8352683735595435,1.1027766860106332,2.2450832153951,0.13927890129954948,0.7835918466488667
old_rjs,centered_ma9,sensor_specific_force,80140,2.104973533783765,2.3825430707664315,0.9348469523485943,0.9343548325885593,0.8923578030962872,2.104973533783765,3.5494536022099656,7.572333024818949,1.0216042863852013,2.4465032072619177,0.41306422410592913,0.9567647095833142,1.1030212146443301,2.342471903219432,-0.18441300954584158,0.8023231506078873,1.0203994503768896,2.357325156115739,0.6545402000621927,0.9132843141915685
old_rjs,legacy_both_lowpass_5hz,model_world_linear_acc,80140,2.2212525885324195,2.4052659649589403,0.7664218701099288,0.7663824993421703,1.1476592817205133,2.2212525885324195,3.5244786883321635,7.861839617969599,1.1223819311155825,2.5263718578944183,-0.047627026292319234,0.7137328029233213,0.9484848577357603,2.0518756250582606,0.02363703357828405,0.8253015030093535,1.2347327046077734,2.6006085329207966,0.1390527448133871,0.758950621430352
old_rjs,legacy_both_lowpass_5hz,sensor_specific_force,80140,2.299987399009354,2.6067795930287687,0.9247517210941195,0.9243293554722966,0.984648645143763,2.299987399009354,3.885351657738574,8.191517526050333,1.1059693913476607,2.6247604838300953,0.4130132956421117,0.951464614349258,1.2323205478934443,2.7009009431221203,-0.1843282872099492,0.7626508832217124,1.0916034695731656,2.49031444557906,0.6544591405767385,0.9072259306952203
old_rjs,legacy_both_smooth_ma9,model_world_linear_acc,80140,1.9704464604204674,2.070531129924549,0.7872839174880265,0.787234025893829,1.0363299118787206,1.9704464604204674,2.996437589301058,6.961935632618081,0.9926252210777526,2.1638351638202025,-0.047666240740043685,0.7442956362477842,0.8348662141680613,1.7716422380735573,0.02359727688498893,0.8352683735595435,1.1027766860106332,2.2450832153951,0.13927890129954948,0.7835918466488667
old_rjs,legacy_both_smooth_ma9,sensor_specific_force,80140,2.104973533783765,2.3825430707664315,0.9348469523485943,0.9343548325885593,0.8923578030962872,2.104973533783765,3.5494536022099656,7.572333024818949,1.0216042863852013,2.4465032072619177,0.41306422410592913,0.9567647095833142,1.1030212146443301,2.342471903219432,-0.18441300954584158,0.8023231506078873,1.0203994503768896,2.357325156115739,0.6545402000621927,0.9132843141915685
old_rjs,lowpass_12hz,model_world_linear_acc,80140,3.020835283886324,3.3194250548214947,0.6617324820591338,0.6617053775709991,1.480286366654082,3.020835283886324,4.89186081888656,10.223130648731345,1.540606952915352,3.443747580397363,-0.047450699724210586,0.6041776567329323,1.3028859410437257,3.008570666912487,0.0236316162645094,0.7168614768531505,1.6587591120288767,3.4849466607727457,0.13913933454553348,0.6611266079992688
old_rjs,lowpass_12hz,sensor_specific_force,80140,3.0363064320153086,3.364511719230164,0.8832652433542026,0.8830561062174886,1.3116492391336594,3.0363064320153086,4.973998449679473,10.264887531503273,1.3819720488920078,3.045295676293016,0.4130341763401661,0.9368940386133724,1.7366399812550366,3.9542398441003987,-0.18415735516046575,0.6126897377790407,1.391075246293605,3.0083182720236317,0.654473169024951,0.874009310061412
old_rjs,lowpass_3hz,model_world_linear_acc,80140,1.7388522397039057,1.8019570447959676,0.8288022202047415,0.8287363260677839,0.9570487642619616,1.7388522397039057,2.591821842323689,6.369159443366451,0.8673296421082394,1.8637878285639886,-0.04605167619882588,0.7983518013303604,0.7333502712592674,1.5428174497147076,0.02313724975314019,0.8656696764208555,0.9828148477100214,1.971587386047595,0.1446997335443177,0.8258229690533129
old_rjs,lowpass_3hz,sensor_specific_force,80140,1.9158111303519354,2.2211069244236987,0.9428350670404664,0.9422956151117547,0.812841185674581,1.9158111303519354,3.336107855269123,7.123128048598346,0.9543728249662579,2.361771008053511,0.41371601688558457,0.9595444869570752,0.9609996230948331,2.007940020306923,-0.1844747402393774,0.8484601414361557,0.9498349247796488,2.2781928121948867,0.6560734041468522,0.9178923798901352
old_rjs,lowpass_5hz,model_world_linear_acc,80140,2.2212525885324195,2.4052659649589403,0.7664218701099288,0.7663824993421703,1.1476592817205133,2.2212525885324195,3.5244786883321635,7.861839617969599,1.1223819311155825,2.5263718578944183,-0.047627026292319234,0.7137328029233213,0.9484848577357603,2.0518756250582606,0.02363703357828405,0.8253015030093535,1.2347327046077734,2.6006085329207966,0.1390527448133871,0.758950621430352
old_rjs,lowpass_5hz,sensor_specific_force,80140,2.299987399009354,2.6067795930287687,0.9247517210941195,0.9243293554722966,0.984648645143763,2.299987399009354,3.885351657738574,8.191517526050333,1.1059693913476607,2.6247604838300953,0.4130132956421117,0.951464614349258,1.2323205478934443,2.7009009431221203,-0.1843282872099492,0.7626508832217124,1.0916034695731656,2.49031444557906,0.6544591405767385,0.9072259306952203
old_rjs,lowpass_8hz,model_world_linear_acc,80140,2.6238825541415167,2.8776350254218666,0.7124701737361143,0.7124378342301063,1.307388133867011,2.6238825541415167,4.23763971577055,8.941198541214021,1.3337479707848152,3.005249039808657,-0.04745737310504741,0.6551067101351836,1.1267270041125175,2.5320566022372404,0.02361071373597997,0.7722731275186236,1.4482687516298378,3.0658632700105963,0.13914921978858244,0.7073754766500071
old_rjs,lowpass_8hz,sensor_specific_force,80140,2.6588366373158285,2.9728202786314006,0.905580927489178,0.9052575445460853,1.14140097887018,2.6588366373158285,4.409486247080639,9.08366650558506,1.2396003621183525,2.8302485924883474,0.41302327108460757,0.9446013532551435,1.4807537937346194,3.3269924730761975,-0.18419396712932654,0.6859333984789816,1.2364289554870274,2.7264987100562315,0.6544912992756292,0.8930705193475658
old_rjs,raw,model_world_linear_acc,80140,4.154372521521932,4.719800180196704,0.5078839380889221,0.5078682645307966,2.118937264311311,4.154372521521932,7.040648420094419,13.981790103972395,2.156548687051172,4.78514669767244,-0.04744986579623882,0.4549353272320336,1.7463649639508836,4.269461744345594,0.023576462631038755,0.5783003730515649,2.277439871461077,5.0698726530632445,0.13915449124483179,0.49390090420640964
old_rjs,raw,sensor_specific_force,80140,4.154372464344375,4.719800216163071,0.795632781413498,0.795816640334971,1.855176799157179,4.154372464344375,7.04064852616406,13.981790774108466,1.8181336759282174,4.1632480965851135,0.4130614600469479,0.8889741889321393,2.4081587635386743,5.549498689637255,-0.18417606785151608,0.44634268183218206,1.9347748111730128,4.324346403963693,0.6544198714480668,0.7710122644241624
old_rjs,savgol15_p3,model_world_linear_acc,80140,2.303085136953316,2.479777717441189,0.7572971077029598,0.7572588721656504,1.184248056078658,2.303085136953316,3.625422931976107,8.053447818074515,1.1632157226673512,2.606472649307229,-0.04756797946748394,0.702505032093379,0.9846911570945253,2.1180278181903107,0.023577364004889734,0.8183223081151031,1.2789957514387122,2.6773402984190953,0.13921775468021635,0.7495639802540627
old_rjs,savgol15_p3,sensor_specific_force,80140,2.3771012231234097,2.66429593350092,0.9217700583888364,0.9213640669271428,1.0165114773972335,2.3771012231234097,3.9553518476658693,8.359377799104607,1.135994731081505,2.66056816345457,0.4130387707606721,0.9502558220751208,1.286285288036742,2.797622005152349,-0.18432931971102262,0.7500396903572258,1.1225951532821998,2.5278660224995995,0.6544951596658795,0.904892609999795
old_rjs,savgol9_p3,model_world_linear_acc,80140,2.7505566225692477,2.99518552403609,0.6981032770816611,0.6980723449798486,1.3617106299918644,2.7505566225692477,4.398618787327051,9.350987109845564,1.3977912757728903,3.120533628149377,-0.04742917952144377,0.6404597558485644,1.1822988150451204,2.654904499185832,0.023637252478118622,0.7575297613078908,1.5160757209699718,3.1823200571246364,0.13914216817751512,0.6936057686494832
old_rjs,savgol9_p3,sensor_specific_force,80140,2.779950022866946,3.075791809794868,0.8997979321505284,0.8995039499023516,1.192444777311421,2.779950022866946,4.544597192487542,9.41305385047639,1.2875824803520621,2.8958628665057806,0.4130083794871012,0.9422376654029042,1.558400649543544,3.4791573334364414,-0.1841780571290152,0.6676349706056509,1.2904727529959825,2.8090796142494665,0.654504764735976,0.887419189954936
vertex,centered_ma15,model_world_linear_acc,80140,0.8240006659215009,0.6464358367496663,0.9716934837889412,0.9715969178684984,0.4439874860006569,0.8240006659215009,0.7580638335019333,2.3414006357807593,0.43368828458976416,0.6653192560101225,-0.047798678345341114,0.9682399506921403,0.2855814924929475,0.49285126283473735,0.023695775704825367,0.9807373660740647,0.4907096220534129,0.753714663123297,0.139726313744251,0.9689405055794209
vertex,centered_ma15,sensor_specific_force,80140,0.8827853057514673,0.7247299848873622,0.9937073392230764,0.9937268520866337,0.30304691637568176,0.8827853057514673,0.8924072819816058,2.588300592525491,0.35922967955972857,0.6230297115806442,0.013377788944990641,0.9971434576380406,0.43891185495031865,0.6810512713977566,-0.10640216327586799,0.9814708059933704,0.5149398791270369,0.8507078212875131,0.2827829379436083,0.988405401026435
vertex,centered_ma21,model_world_linear_acc,80140,0.6711919494500265,0.5150994008614066,0.9727301198578835,0.9725818683295779,0.38478799064780733,0.6711919494500265,0.5877784831863219,1.9279191996577627,0.3579022336362523,0.5340737916336813,-0.04786629146991549,0.970388946879881,0.2069796430944305,0.3485276792287495,0.023606256756842355,0.9835129347383604,0.4138637165899311,0.6239197225643577,0.13980855351360358,0.9695013626117798
vertex,centered_ma21,sensor_specific_force,80140,0.7507350082866815,0.6107276043933839,0.9953674306654712,0.9953728790829885,0.25261428083819615,0.7507350082866815,0.7452258500864294,2.221615718928668,0.30170949069980796,0.5247384314335523,0.013589482075303102,0.9979585985044613,0.36380262699659827,0.5624002143415683,-0.10646247798084878,0.9857854855004746,0.4461738527628877,0.7261681608205212,0.2828015022432605,0.9915970486911793
vertex,centered_ma9,model_world_linear_acc,80140,1.0905918028575479,0.8886986255795853,0.9639083121289643,0.9638440707624653,0.5544839966127987,1.0905918028575479,1.0862620590175538,3.168174052556751,0.5656362866919761,0.8970863477978199,-0.04767554678807025,0.9597741765486437,0.42973654209722056,0.7691619970309178,0.023643073051124515,0.9711278568671345,0.6202765267960036,0.9863983212877602,0.1398559624662577,0.9620000333626145
vertex,centered_ma9,sensor_specific_force,80140,1.1224952880337795,0.9361011671051637,0.9900292205329535,0.9900775514929775,0.41815737575420436,1.1224952880337795,1.1699831253094681,3.302509487796196,0.4669993093413923,0.8148116991912402,0.013319847954241668,0.995222062919139,0.575308517535325,0.914547433185131,-0.10642258466037197,0.9709749712026262,0.6306483138536727,1.0623281378569056,0.2828284969739612,0.9824010366165803
vertex,legacy_both_lowpass_5hz,model_world_linear_acc,80140,1.1978305385490544,0.9813351511455762,0.9641038078615687,0.9640514012829097,0.6064027064908815,1.1978305385490544,1.20592621562889,3.4991399048451113,0.6192609553330961,0.9846130596874281,-0.04767702717508888,0.9600592548973277,0.48693118859712875,0.8735436059163909,0.0236846982861988,0.9705451712968011,0.672608002759416,1.0754137472978869,0.13972876755598843,0.9624164480190835
vertex,legacy_both_lowpass_5hz,sensor_specific_force,80140,1.218212224693703,1.01548741578141,0.9886899413882309,0.9887462852052465,0.4697968090481725,1.218212224693703,1.268701324362057,3.56554227244386,0.5082150092384408,0.8819969777960907,0.013254234028262868,0.9945426077541324,0.6345026196193493,1.005495637698967,-0.10642788586007176,0.9678656454635621,0.674353904406549,1.1422363715790742,0.2827971029007391,0.9804696862766216
vertex,legacy_both_smooth_ma9,model_world_linear_acc,80140,1.0905918028575479,0.8886986255795853,0.9639083121289643,0.9638440707624653,0.5544839966127987,1.0905918028575479,1.0862620590175538,3.168174052556751,0.5656362866919761,0.8970863477978199,-0.04767554678807025,0.9597741765486437,0.42973654209722056,0.7691619970309178,0.023643073051124515,0.9711278568671345,0.6202765267960036,0.9863983212877602,0.1398559624662577,0.9620000333626145
vertex,legacy_both_smooth_ma9,sensor_specific_force,80140,1.1224952880337795,0.9361011671051637,0.9900292205329535,0.9900775514929775,0.41815737575420436,1.1224952880337795,1.1699831253094681,3.302509487796196,0.4669993093413923,0.8148116991912402,0.013319847954241668,0.995222062919139,0.575308517535325,0.914547433185131,-0.10642258466037197,0.9709749712026262,0.6306483138536727,1.0623281378569056,0.2828284969739612,0.9824010366165803
vertex,lowpass_12hz,model_world_linear_acc,80140,1.76233402849526,1.5458521310660776,0.9279207999501977,0.9278802803354637,0.8748262959105332,1.76233402849526,2.0157269669705444,5.526683308863874,0.9109522583668087,1.5562134974868023,-0.04761882652739966,0.9197048314237085,0.7634144391262467,1.4461673104907973,0.023725557948285667,0.9356353902689941,0.9559468594243941,1.6296552069908248,0.1400181875255064,0.9282801095888062
vertex,lowpass_12hz,sensor_specific_force,80140,1.7670370458223814,1.5569271282972332,0.9748880281776523,0.9750517815873162,0.7533762683827863,1.7670370458223814,2.0370680713159586,5.534846373721333,0.7499567522089278,1.3622190626059902,0.013265956797877248,0.9874020596159107,0.9399981037774228,1.6103821284725273,-0.10647385907048842,0.9290708456291504,0.9471808094443456,1.6802067950858777,0.2829206179442725,0.9597010797440674
vertex,lowpass_3hz,model_world_linear_acc,80140,0.9369394187629243,0.7503586641036587,0.9725826573917625,0.9725044264583316,0.4956197619287092,0.9369394187629243,0.9006991173274659,2.6751094254814176,0.490008316366127,0.7640968253774504,-0.046055049383565146,0.9691003494756989,0.339767037496385,0.5924541112030466,0.023185273669673833,0.9811783038821223,0.5502606027896073,0.8684863510458828,0.14533557054065246,0.9693950959139698
vertex,lowpass_3hz,sensor_specific_force,80140,0.9832421536423591,0.8165631530890654,0.9923511877399761,0.9923792056899401,0.3436158449443147,0.9832421536423591,1.0166420295507186,2.8619248729232716,0.4023209874661846,0.698523666354345,0.01401288754156951,0.9964972617222725,0.4974396193097031,0.7800173934916036,-0.1064129009398481,0.9784544952710748,0.5644598398138866,0.950770057554253,0.28441627184788376,0.9859666341224778
vertex,lowpass_5hz,model_world_linear_acc,80140,1.1978305385490544,0.9813351511455762,0.9641038078615687,0.9640514012829097,0.6064027064908815,1.1978305385490544,1.20592621562889,3.4991399048451113,0.6192609553330961,0.9846130596874281,-0.04767702717508888,0.9600592548973277,0.48693118859712875,0.8735436059163909,0.0236846982861988,0.9705451712968011,0.672608002759416,1.0754137472978869,0.13972876755598843,0.9624164480190835
vertex,lowpass_5hz,sensor_specific_force,80140,1.218212224693703,1.01548741578141,0.9886899413882309,0.9887462852052465,0.4697968090481725,1.218212224693703,1.268701324362057,3.56554227244386,0.5082150092384408,0.8819969777960907,0.013254234028262868,0.9945426077541324,0.6345026196193493,1.005495637698967,-0.10642788586007176,0.9678656454635621,0.674353904406549,1.1422363715790742,0.2827971029007391,0.9804696862766216
vertex,lowpass_8hz,model_world_linear_acc,80140,1.4467911258664072,1.2175822953345452,0.9511538254292264,0.9511079691199743,0.7248336681789409,1.4467911258664072,1.5343778465067306,4.370794909988351,0.7477868763232082,1.2189090711919675,-0.047600073867233486,0.9459957183899307,0.6136774871639156,1.127213034260453,0.023695124809434188,0.9570399075980247,0.7945963411394081,1.3004504563018526,0.14000368565691057,0.950712762136898
vertex,lowpass_8hz,sensor_specific_force,80140,1.4559146485491632,1.2356081626312427,0.9837534773977239,0.9838478862584432,0.6000831872030414,1.4559146485491632,1.5685965481355726,4.39689594850026,0.6177372816557543,1.0894835051246605,0.013268753525561377,0.9918116974329881,0.7648438943149168,1.246098335075764,-0.1064650438663395,0.9541942174890513,0.7904858093796849,1.3566308363241488,0.2829153259787576,0.9731913559241245
vertex,raw,model_world_linear_acc,80140,2.800505209618133,3.1478247122046032,0.768120842425156,0.7680951295607811,1.4820780956156803,2.800505209618133,4.677988010587423,8.676971666128091,1.4630429436569654,3.114664988883939,-0.04764200772360662,0.7503351897539091,1.1981580356298196,3.0297827035922476,0.02371007923045181,0.7853391389580232,1.5099168386998314,3.2932780071430114,0.14005659074446553,0.7685264208151453
vertex,raw,sensor_specific_force,80140,2.8005051613235445,3.1478246991284244,0.9063505830868203,0.9069855061569954,1.2701824511319912,2.8005051613235445,4.677988013102326,8.676972161245704,1.1977195873955497,3.0718179403680983,0.013278202231463958,0.9398578557117203,1.4666196375750338,2.9717737692311017,-0.1064622634128921,0.8001677443086085,1.5067498675270832,3.38509914405347,0.2829052101257624,0.8546728759045457
vertex,savgol15_p3,model_world_linear_acc,80140,1.2661317842030095,1.0385558590211388,0.9605941637099491,0.9605428880335931,0.6349913352355667,1.2661317842030095,1.2777735018195948,3.7062621645499116,0.6513850922438409,1.0393766064429604,-0.04762309764168332,0.9563523435873622,0.5233275384684134,0.9356365149256487,0.023621511110054665,0.9669912293756349,0.706209252685336,1.1314041713014444,0.1398980361609042,0.9590630540079942
vertex,savgol15_p3,sensor_specific_force,80140,1.2840849771290632,1.0693777285735766,0.9875097758942757,0.9875755324046951,0.5016767443862418,1.2840849771290632,1.3348527823767684,3.7890782042737015,0.5401464720829176,0.9359453583168245,0.013275173295526518,0.9938626764460582,0.6654173920961696,1.060081640245251,-0.10643082674404176,0.9646452082918222,0.7102339647580942,1.1962187849083776,0.28283247016095575,0.9786020801301479
vertex,savgol9_p3,model_world_linear_acc,80140,1.5513463656616269,1.325823915190176,0.943374597769642,0.9433301659382166,0.7743328229355634,1.5513463656616269,1.6931484329553284,4.735203450213263,0.800702800844308,1.3268622310040286,-0.04758142524395378,0.9374520675775214,0.6639158786532834,1.2380338085669031,0.023721019595066235,0.9494415701921701,0.8473192696749885,1.407173077858926,0.14002134722562712,0.9433609955023707
vertex,savgol9_p3,sensor_specific_force,80140,1.5592130766079613,1.3409070524160698,0.9809921805460455,0.981108155083968,0.6514518241564423,1.5592130766079613,1.7213220940289455,4.742249335486664,0.6657118137593081,1.2005727119598308,0.013262704468070296,0.9900893896333317,0.8152603709851057,1.342983412142859,-0.10646984993595106,0.9476740756143279,0.8461243841896031,1.4659863190575824,0.2829369063898969,0.96880140040595
